task,best_n_estimators,best_max_depth,best_min_samples_split,best_min_samples_leaf,best_max_features,train_samples,test_samples,cv_accuracy_mean,cv_balanced_accuracy_mean,cv_f1_mean,cv_roc_auc_mean,cv_auprc_mean,test_accuracy,test_balanced_accuracy,test_precision,test_recall,test_f1,test_roc_auc,test_auprc
healthy_vs_infected,500,3,2,3,sqrt,72,18,0.7933333333333333,0.6075757575757577,0.8771148272017838,0.7871212121212121,0.9277051332505877,0.8888888888888888,0.75,0.875,1.0,0.9333333333333333,1.0,1.0
severe_vs_nonsevere,300,3,2,3,sqrt,34,9,0.5857142857142857,0.575,0.4942857142857142,0.5833333333333333,0.6671428571428571,0.4444444444444444,0.425,0.3333333333333333,0.25,0.2857142857142857,0.5499999999999999,0.6361111111111111
symptomatic_non_covid_vs_covid,500,5,5,1,sqrt,54,14,0.6127272727272727,0.5285714285714286,0.7127777777777778,0.5392857142857144,0.7375525664811378,0.6428571428571429,0.5,0.6428571428571429,1.0,0.782608695652174,0.9555555555555555,0.9797979797979799
