task,positive_prevalence,test_accuracy,test_balanced_accuracy,test_precision,test_recall,test_f1,test_roc_auc,test_auprc
healthy_vs_infected,0.7555555555555555,0.64,0.5009821428571429,0.7781312842386372,0.7512142857142858,0.76063502879416,0.5,0.7555555555555555
severe_vs_nonsevere,0.4186046511627907,0.5145555555555555,0.50455,0.4404440476190476,0.4145,0.41031168831168835,0.5,0.4186046511627907
symptomatic_non_covid_vs_covid,0.6323529411764706,0.5392142857142858,0.5021444444444444,0.6445407814407814,0.6318888888888889,0.6307875235520376,0.5,0.6323529411764706
