task,learning_rate,max_depth,min_child_weight,subsample,colsample_bytree,reg_lambda,reg_alpha,gamma,scale_pos_weight,n_estimators_max,early_stopping_rounds,decision_threshold,best_iteration,train_samples,test_samples,features,cv_accuracy_mean,cv_balanced_accuracy_mean,cv_f1_mean,cv_roc_auc_mean,cv_auprc_mean,test_accuracy,test_balanced_accuracy,test_precision,test_recall,test_f1,test_roc_auc,test_auprc,nonzero_importance_features
healthy_vs_infected,0.05,2,1.0,1.0,1.0,1.0,1.0,0.5,1.5,2000,50,0.5,56,72,18,35882,0.7923809523809524,0.5916666666666666,0.8792017837235229,0.9277272727272727,0.9585059385059385,0.9444444444444444,0.875,0.9333333333333333,1.0,0.9655172413793104,1.0,1.0,39
severe_vs_nonsevere,0.03,4,2.0,0.85,0.8,20.0,0.0,0.5,1.429,2000,50,0.5,15,34,9,35882,0.7047619047619047,0.7083333333333333,0.6847619047619047,0.7666666666666666,0.7622222222222221,0.5555555555555556,0.5,0.0,0.0,0.0,0.6499999999999999,0.7611111111111111,18
symptomatic_non_covid_vs_covid,0.1,4,1.0,1.0,0.4,0.0,0.1,0.0,1.0,2000,50,0.6,8,54,14,35882,0.7054545454545454,0.6,0.813095238095238,0.6916666666666667,0.8280364873222016,0.9285714285714286,0.9,0.9,1.0,0.9473684210526315,1.0,1.0000000000000002,47
