task,n_estimators,learning_rate,max_depth,min_child_weight,subsample,colsample_bytree,reg_lambda,reg_alpha,gamma,scale_pos_weight,early_stopping_rounds,decision_threshold,best_iteration,train_samples,test_samples,features,cv_accuracy_mean,cv_balanced_accuracy_mean,cv_f1_mean,cv_roc_auc_mean,cv_auprc_mean,test_accuracy,test_balanced_accuracy,test_precision,test_recall,test_f1,test_roc_auc,test_auprc,nonzero_importance_features
healthy_vs_infected,2000,0.01,3,2.0,1.0,0.7,20.0,0.1,0.0,1.0,50,0.5,1999,72,18,35882,0.8495238095238096,0.740151515151515,0.9042819499341238,0.9168181818181818,0.9740127751036841,0.9444444444444444,0.875,0.9333333333333333,1.0,0.9655172413793104,1.0,1.0,76
severe_vs_nonsevere,1500,0.03,3,1.0,0.85,1.0,5.0,0.0,2.0,2.143,50,0.5,369,34,9,35882,0.680952380952381,0.7,0.659047619047619,0.8333333333333333,0.7788888888888887,0.7777777777777778,0.75,1.0,0.5,0.6666666666666666,0.8,0.8303571428571428,32
symptomatic_non_covid_vs_covid,2000,0.01,3,1.0,0.85,0.3,5.0,0.1,0.0,1.5,50,0.5,2000,54,14,35882,0.7436363636363637,0.7035714285714285,0.8031091457562047,0.8607142857142858,0.9321201814058956,1.0,1.0,1.0,1.0,1.0,1.0,1.0000000000000002,707
