fold,best_n_estimators,best_max_depth,best_min_samples_split,best_min_samples_leaf,best_max_features,val_accuracy,val_balanced_accuracy,val_f1,val_roc_auc,val_auprc
0,200,3,2,3,sqrt,0.9090909090909091,0.9285714285714286,0.9230769230769231,0.8928571428571428,0.9571428571428571
1,200,3,2,3,sqrt,0.6363636363636364,0.5535714285714286,0.75,0.7142857142857142,0.8715213358070499
2,200,3,2,3,sqrt,0.7272727272727273,0.625,0.8235294117647058,0.6785714285714286,0.8401360544217686
3,200,3,2,5,sqrt,0.9090909090909091,0.875,0.9333333333333333,1.0,0.9999999999999998
4,200,3,2,5,sqrt,0.8,0.75,0.8571428571428571,0.7916666666666667,0.8555555555555555
