fold,learning_rate,max_depth,min_child_weight,subsample,colsample_bytree,reg_lambda,reg_alpha,gamma,scale_pos_weight,val_accuracy,val_balanced_accuracy,val_f1,val_roc_auc,val_auprc,val_threshold
0,0.1,6,1.0,0.3,0.6,0.0,0.1,1.0,1.0,0.6363636363636364,0.5,0.7777777777777778,0.5714285714285714,0.7639455782312925,0.3
1,0.1,2,1.0,0.85,0.4,5.0,0.5,2.0,1.5,0.8181818181818182,0.75,0.875,0.9285714285714286,0.9617346938775508,0.6
2,0.1,6,1.0,0.3,0.6,0.0,0.1,1.0,1.0,0.6363636363636364,0.5,0.7777777777777778,0.14285714285714285,0.5497835497835497,0.5249999999999999
3,0.1,8,2.0,0.85,0.4,10.0,0.0,1.0,1.5,0.6363636363636364,0.5,0.7777777777777778,0.8571428571428572,0.9123376623376623,0.3
4,0.1,3,2.0,0.5,0.6,0.0,0.1,0.0,1.0,0.8,0.75,0.8571428571428571,0.9583333333333333,0.9523809523809523,0.5499999999999999
