fold,best_n_estimators,best_max_depth,best_min_samples_split,best_min_samples_leaf,best_max_features,val_accuracy,val_balanced_accuracy,val_f1,val_roc_auc,val_auprc
0,300,3,2,3,sqrt,0.42857142857142855,0.41666666666666663,0.3333333333333333,0.41666666666666663,0.6095238095238096
1,500,3,2,3,sqrt,0.7142857142857143,0.7083333333333333,0.6666666666666666,0.6666666666666666,0.8095238095238095
2,300,3,2,1,sqrt,0.7142857142857143,0.6666666666666666,0.5,0.5833333333333333,0.6666666666666667
3,300,3,2,1,sqrt,0.5714285714285714,0.5833333333333333,0.5714285714285714,0.5,0.5
4,300,3,5,1,sqrt,0.5,0.5,0.4,0.75,0.75
