fold,best_loss,best_C,val_accuracy,val_balanced_accuracy,val_f1,val_roc_auc,val_auprc
0,hinge,0.01,0.7142857142857143,0.75,0.75,0.6666666666666666,0.7
1,hinge,0.001,1.0,1.0,1.0,1.0,1.0
2,hinge,0.001,0.7142857142857143,0.7083333333333333,0.6666666666666666,0.6666666666666666,0.5888888888888889
3,hinge,0.01,0.7142857142857143,0.75,0.75,0.5,0.4777777777777778
4,hinge,0.01,0.6666666666666666,0.75,0.6666666666666666,0.875,0.8333333333333333
