fold,n_estimators,learning_rate,max_depth,min_child_weight,subsample,colsample_bytree,reg_lambda,reg_alpha,gamma,scale_pos_weight,val_accuracy,val_balanced_accuracy,val_f1,val_roc_auc,val_auprc
0,500,0.01,3,2.0,1.0,0.5,20.0,1.0,0.5,2.143,0.8571428571428571,0.875,0.8571428571428571,0.9166666666666666,0.9166666666666665
1,500,0.01,2,1.0,0.85,0.7,1.0,0.5,0.0,2.143,0.5714285714285714,0.5416666666666666,0.4,0.8333333333333334,0.8055555555555556
2,1500,0.005,2,1.0,0.85,0.5,1.0,0.1,2.0,2.143,0.5714285714285714,0.5833333333333333,0.5714285714285714,0.6666666666666666,0.5888888888888889
3,1500,0.005,2,1.0,0.85,0.5,1.0,0.1,2.0,2.143,0.5714285714285714,0.625,0.6666666666666666,1.0,1.0
4,1000,0.01,3,2.0,1.0,0.7,1.0,1.0,2.0,2.143,0.8333333333333334,0.875,0.8,0.75,0.5833333333333333
