fold,learning_rate,max_depth,min_child_weight,subsample,colsample_bytree,reg_lambda,reg_alpha,gamma,scale_pos_weight,val_accuracy,val_balanced_accuracy,val_f1,val_roc_auc,val_auprc,val_threshold
0,0.1,2,1.0,0.7,0.4,1.0,1.0,5.0,1.429,0.8571428571428571,0.875,0.8571428571428571,0.875,0.8055555555555556,0.5
1,0.05,4,2.0,1.0,0.4,0.0,0.5,0.5,2.143,0.8571428571428571,0.8333333333333333,0.8,0.9166666666666666,0.9166666666666665,0.5
2,0.05,4,2.0,1.0,0.4,0.0,0.5,0.5,2.143,0.7142857142857143,0.7083333333333333,0.6666666666666666,0.6666666666666666,0.5888888888888889,0.5499999999999999
3,0.1,2,1.0,0.7,0.4,1.0,1.0,5.0,1.429,0.42857142857142855,0.5,0.6,0.5,0.6666666666666667,0.3
4,0.1,2,1.0,0.7,0.4,1.0,1.0,5.0,1.429,0.6666666666666666,0.625,0.5,0.875,0.8333333333333333,0.5249999999999999
