task,top_rank,top_variant,base_sequence,matched_variant,matched_is_modified,is_top_variant
healthy_vs_infected,1,"K.[304.207]SLHTLFGD(K,332.213)L(C,57.021)TVA.T",KSLHTLFGDKLCTVAT,"K.[304.207]SLHTLFGD(K,351.665)L(C,57.021)TVA.T",True,False
healthy_vs_infected,1,"K.[304.207]SLHTLFGD(K,332.213)L(C,57.021)TVA.T",KSLHTLFGDKLCTVAT,"K.[304.207]SLHTLFGD(K,338.246)L(C,57.021)TVA.T",True,False
healthy_vs_infected,1,"K.[304.207]SLHTLFGD(K,332.213)L(C,57.021)TVA.T",KSLHTLFGDKLCTVAT,"K.[304.207]SLHTLFGD(K,332.213)L(C,57.021)TVA.T",True,True
healthy_vs_infected,1,"K.[304.207]SLHTLFGD(K,332.213)L(C,57.021)TVA.T",KSLHTLFGDKLCTVAT,"K.[304.207]SLHTLFGD(K,330.707)L(C,57.021)TVA.T",True,False
healthy_vs_infected,1,"K.[304.207]SLHTLFGD(K,332.213)L(C,57.021)TVA.T",KSLHTLFGDKLCTVAT,"K.[304.207]SLHTLFGD(K,304.207)L(C,57.021)TVA.T",True,False
healthy_vs_infected,1,"K.[304.207]SLHTLFGD(K,332.213)L(C,57.021)TVA.T",KSLHTLFGDKLCTVAT,"K.[304.207]SLHTLFGD(K,179.123)L(C,57.021)TVA.T",True,False
healthy_vs_infected,2,"K.[304.207](C,57.021)(C,57.021)AAADPHE.C",KCCAAADPHEC,"K.[304.207](C,57.021)(C,57.021)AAADPHE.C",True,True
healthy_vs_infected,2,"K.[304.207](C,57.021)(C,57.021)AAADPHE.C",KCCAAADPHEC,"K.[304.207](C,57.021)(C,57.021)AAADP(H,-0.982)E.C",True,False
healthy_vs_infected,2,"K.[304.207](C,57.021)(C,57.021)AAADPHE.C",KCCAAADPHEC,"K.[304.207](C,57.021)(C,57.021)AAADP(H,-33.008)E.C",True,False
healthy_vs_infected,3,"D.[304.207](K,203.075)SLHTLFGD(K,304.207).L",DKSLHTLFGDKL,"D.[304.207](K,292.58)SLHTLFGD(K,304.207).L",True,False
healthy_vs_infected,3,"D.[304.207](K,203.075)SLHTLFGD(K,304.207).L",DKSLHTLFGDKL,"D.[304.207](K,206.093)SLHTLFGD(K,304.207).L",True,False
healthy_vs_infected,3,"D.[304.207](K,203.075)SLHTLFGD(K,304.207).L",DKSLHTLFGDKL,"D.[304.207](K,204.149)SLHTLFGD(K,304.207).L",True,False
healthy_vs_infected,3,"D.[304.207](K,203.075)SLHTLFGD(K,304.207).L",DKSLHTLFGDKL,"D.[304.207](K,203.075)SLHTLFGD(K,304.207).L",True,True
healthy_vs_infected,3,"D.[304.207](K,203.075)SLHTLFGD(K,304.207).L",DKSLHTLFGDKL,"D.[304.207](K,190.097)SLHTLFGD(K,304.207).L",True,False
healthy_vs_infected,3,"D.[304.207](K,203.075)SLHTLFGD(K,304.207).L",DKSLHTLFGDKL,"D.[304.207](K,189.065)SLHTLFGD(K,304.207).L",True,False
healthy_vs_infected,3,"D.[304.207](K,203.075)SLHTLFGD(K,304.207).L",DKSLHTLFGDKL,"D.[304.207](K,176.117)SLHTLFGD(K,304.207).L",True,False
healthy_vs_infected,3,"D.[304.207](K,203.075)SLHTLFGD(K,304.207).L",DKSLHTLFGDKL,"D.[304.207](K,176.126)SLHTLFGD(K,304.207).L",True,False
healthy_vs_infected,3,"D.[304.207](K,203.075)SLHTLFGD(K,304.207).L",DKSLHTLFGDKL,"D.[304.207](K,247.157)SLHTLFGD(K,304.207).L",True,False
healthy_vs_infected,3,"D.[304.207](K,203.075)SLHTLFGD(K,304.207).L",DKSLHTLFGDKL,"D.[304.207](K,192.117)SLHTLFGD(K,304.207).L",True,False
healthy_vs_infected,4,"K.[304.207]L(K,331.18)E(C,57.021)(C,57.021)E(K,304.207)PLLE(K,304.207).S",KLKECCEKPLLEKS,"K.{14.997}[304.207]L(K,304.207)E(C,57.021)(C,57.021)E(K,304.207)PLLE(K,304.207).S",True,False
healthy_vs_infected,4,"K.[304.207]L(K,331.18)E(C,57.021)(C,57.021)E(K,304.207)PLLE(K,304.207).S",KLKECCEKPLLEKS,"K.{162.061}[304.207]L(K,304.207)E(C,57.021)(C,57.021)E(K,304.207)PLLE(K,304.207).S",True,False
healthy_vs_infected,4,"K.[304.207]L(K,331.18)E(C,57.021)(C,57.021)E(K,304.207)PLLE(K,304.207).S",KLKECCEKPLLEKS,"K.[304.207]L(K,304.207)E(C,57.021)(C,57.021)(E,50.921)(K,304.207)PLLE(K,304.207).S",True,False
healthy_vs_infected,4,"K.[304.207]L(K,331.18)E(C,57.021)(C,57.021)E(K,304.207)PLLE(K,304.207).S",KLKECCEKPLLEKS,"K.[304.207]L(K,304.207)E(C,57.021)(C,57.021)(E,37.945)(K,304.207)PLLE(K,304.207).S",True,False
healthy_vs_infected,4,"K.[304.207]L(K,331.18)E(C,57.021)(C,57.021)E(K,304.207)PLLE(K,304.207).S",KLKECCEKPLLEKS,"K.{13.989}[304.207]L(K,304.207)E(C,57.021)(C,57.021)E(K,304.207)PLLE(K,304.207).S",True,False
healthy_vs_infected,4,"K.[304.207]L(K,331.18)E(C,57.021)(C,57.021)E(K,304.207)PLLE(K,304.207).S",KLKECCEKPLLEKS,"K.[304.207](L,-55.855)(K,304.207)E(C,57.021)(C,57.021)E(K,304.207)PLLE(K,304.207).S",True,False
healthy_vs_infected,4,"K.[304.207]L(K,331.18)E(C,57.021)(C,57.021)E(K,304.207)PLLE(K,304.207).S",KLKECCEKPLLEKS,"K.[190.048]L(K,304.207)E(C,57.021)(C,57.021)E(K,304.207)PLLE(K,304.207).S",True,False
healthy_vs_infected,4,"K.[304.207]L(K,331.18)E(C,57.021)(C,57.021)E(K,304.207)PLLE(K,304.207).S",KLKECCEKPLLEKS,"K.{161.061}[304.207]L(K,304.207)E(C,57.021)(C,57.021)E(K,304.207)PLLE(K,304.207).S",True,False
healthy_vs_infected,4,"K.[304.207]L(K,331.18)E(C,57.021)(C,57.021)E(K,304.207)PLLE(K,304.207).S",KLKECCEKPLLEKS,"K.{56.025}[304.207]L(K,304.207)E(C,57.021)(C,57.021)E(K,304.207)PLLE(K,304.207).S",True,False
healthy_vs_infected,4,"K.[304.207]L(K,331.18)E(C,57.021)(C,57.021)E(K,304.207)PLLE(K,304.207).S",KLKECCEKPLLEKS,"K.[304.207]L(K,332.245)E(C,57.021)(C,57.021)E(K,304.207)PLLE(K,304.207).S",True,False
healthy_vs_infected,4,"K.[304.207]L(K,331.18)E(C,57.021)(C,57.021)E(K,304.207)PLLE(K,304.207).S",KLKECCEKPLLEKS,"K.[304.207]L(K,331.18)E(C,57.021)(C,57.021)E(K,304.207)PLLE(K,304.207).S",True,True
healthy_vs_infected,4,"K.[304.207]L(K,331.18)E(C,57.021)(C,57.021)E(K,304.207)PLLE(K,304.207).S",KLKECCEKPLLEKS,"K.[304.207]L(K,304.207)E(C,57.021)(C,57.021)(E,21.984)(K,304.207)PLLE(K,304.207).S",True,False
healthy_vs_infected,4,"K.[304.207]L(K,331.18)E(C,57.021)(C,57.021)E(K,304.207)PLLE(K,304.207).S",KLKECCEKPLLEKS,"K.{20.979}[304.207]L(K,304.207)E(C,57.021)(C,57.021)E(K,304.207)PLLE(K,304.207).S",True,False
healthy_vs_infected,4,"K.[304.207]L(K,331.18)E(C,57.021)(C,57.021)E(K,304.207)PLLE(K,304.207).S",KLKECCEKPLLEKS,"K.{16.035}[304.207]L(K,304.207)E(C,57.021)(C,57.021)E(K,304.207)PLLE(K,304.207).S",True,False
healthy_vs_infected,4,"K.[304.207]L(K,331.18)E(C,57.021)(C,57.021)E(K,304.207)PLLE(K,304.207).S",KLKECCEKPLLEKS,"K.{14.019}[304.207]L(K,304.207)E(C,57.021)(C,57.021)E(K,304.207)PLLE(K,304.207).S",True,False
healthy_vs_infected,4,"K.[304.207]L(K,331.18)E(C,57.021)(C,57.021)E(K,304.207)PLLE(K,304.207).S",KLKECCEKPLLEKS,"K.{12.984}[304.207]L(K,304.207)E(C,57.021)(C,57.021)E(K,304.207)PLLE(K,304.207).S",True,False
healthy_vs_infected,4,"K.[304.207]L(K,331.18)E(C,57.021)(C,57.021)E(K,304.207)PLLE(K,304.207).S",KLKECCEKPLLEKS,"K.[304.207]L(K,304.207)E(C,63.97)(C,57.021)E(K,304.207)PLLE(K,304.207).S",True,False
healthy_vs_infected,4,"K.[304.207]L(K,331.18)E(C,57.021)(C,57.021)E(K,304.207)PLLE(K,304.207).S",KLKECCEKPLLEKS,"K.[304.207]L(K,304.207)E(C,57.021)(C,57.021)E(K,304.207)PLLE(K,304.207).S",True,False
healthy_vs_infected,4,"K.[304.207]L(K,331.18)E(C,57.021)(C,57.021)E(K,304.207)PLLE(K,304.207).S",KLKECCEKPLLEKS,"K.[304.207]L(K,304.207)E(C,57.021)(C,57.021)E(K,304.207)PLLE(K,300.184).S",True,False
healthy_vs_infected,4,"K.[304.207]L(K,331.18)E(C,57.021)(C,57.021)E(K,304.207)PLLE(K,304.207).S",KLKECCEKPLLEKS,"K.[304.207]L(K,304.207)E(C,46.99)(C,57.021)E(K,304.207)PLLE(K,304.207).S",True,False
healthy_vs_infected,4,"K.[304.207]L(K,331.18)E(C,57.021)(C,57.021)E(K,304.207)PLLE(K,304.207).S",KLKECCEKPLLEKS,"K.[304.207]L(K,304.207)E(C,38.953)(C,57.021)E(K,304.207)PLLE(K,304.207).S",True,False
healthy_vs_infected,4,"K.[304.207]L(K,331.18)E(C,57.021)(C,57.021)E(K,304.207)PLLE(K,304.207).S",KLKECCEKPLLEKS,"K.[304.207]L(K,304.207)E(C,37.951)(C,57.021)E(K,304.207)PLLE(K,304.207).S",True,False
healthy_vs_infected,4,"K.[304.207]L(K,331.18)E(C,57.021)(C,57.021)E(K,304.207)PLLE(K,304.207).S",KLKECCEKPLLEKS,"K.[304.207]L(K,304.207)E(C,57.021)(C,57.021)E(K,277.087)PLLE(K,304.207).S",True,False
healthy_vs_infected,4,"K.[304.207]L(K,331.18)E(C,57.021)(C,57.021)E(K,304.207)PLLE(K,304.207).S",KLKECCEKPLLEKS,"K.[304.207]L(K,304.207)E(C,-9.029)(C,57.021)E(K,304.207)PLLE(K,304.207).S",True,False
healthy_vs_infected,4,"K.[304.207]L(K,331.18)E(C,57.021)(C,57.021)E(K,304.207)PLLE(K,304.207).S",KLKECCEKPLLEKS,"K.[304.207]L(K,304.207)E(C,-26.009)(C,57.021)E(K,304.207)PLLE(K,304.207).S",True,False
healthy_vs_infected,4,"K.[304.207]L(K,331.18)E(C,57.021)(C,57.021)E(K,304.207)PLLE(K,304.207).S",KLKECCEKPLLEKS,"K.[304.207]L(K,304.207)E(C,57.021)(C,57.021)E(K,220.066)PLLE(K,304.207).S",True,False
healthy_vs_infected,4,"K.[304.207]L(K,331.18)E(C,57.021)(C,57.021)E(K,304.207)PLLE(K,304.207).S",KLKECCEKPLLEKS,"K.[304.207]L(K,304.207)E(C,-33.971)(C,57.021)E(K,304.207)PLLE(K,304.207).S",True,False
healthy_vs_infected,4,"K.[304.207]L(K,331.18)E(C,57.021)(C,57.021)E(K,304.207)PLLE(K,304.207).S",KLKECCEKPLLEKS,"K.[304.207]L(K,304.207)E(C,57.021)(C,-34.976)E(K,304.207)PLLE(K,304.207).S",True,False
healthy_vs_infected,4,"K.[304.207]L(K,331.18)E(C,57.021)(C,57.021)E(K,304.207)PLLE(K,304.207).S",KLKECCEKPLLEKS,"K.[304.207]L(K,304.207)E(C,57.021)(C,57.021)E(K,178.063)PLLE(K,304.207).S",True,False
healthy_vs_infected,4,"K.[304.207]L(K,331.18)E(C,57.021)(C,57.021)E(K,304.207)PLLE(K,304.207).S",KLKECCEKPLLEKS,"K.[304.207]L(K,304.207)E(C,57.021)(C,57.021)E(K,177.082)PLLE(K,304.207).S",True,False
healthy_vs_infected,4,"K.[304.207]L(K,331.18)E(C,57.021)(C,57.021)E(K,304.207)PLLE(K,304.207).S",KLKECCEKPLLEKS,"K.[304.207]L(K,304.207)E(C,57.021)(C,57.021)E(K,176.074)PLLE(K,304.207).S",True,False
healthy_vs_infected,5,"K.[304.207]ADSVVDLLSYNV(Q,303.212)GSGETTYDH(K,304.207).N",KADSVVDLLSYNVQGSGETTYDHKN,"K.[304.207]ADSVVDLLSYNVQGSGETTYDH(K,304.207).N",True,False
healthy_vs_infected,5,"K.[304.207]ADSVVDLLSYNV(Q,303.212)GSGETTYDH(K,304.207).N",KADSVVDLLSYNVQGSGETTYDHKN,"K.[304.207]ADSVVDLLSYNV(Q,303.212)GSGETTYDH(K,304.207).N",True,True
healthy_vs_infected,6,"S.[304.207]IGYADSV(K,304.207).G",SIGYADSVKG,"S.[304.207]I(G,14.019)YADSV(K,304.207).G",True,False
healthy_vs_infected,6,"S.[304.207]IGYADSV(K,304.207).G",SIGYADSVKG,"S.[304.207]IGYADSV(K,304.207).G",True,True
healthy_vs_infected,7,"R.[304.207]TLADLTLLDSPI(K,304.207).V",RTLADLTLLDSPIKV,"R.[304.207]TLADLTLLDSPI(K,304.207).V",True,True
healthy_vs_infected,7,"R.[304.207]TLADLTLLDSPI(K,304.207).V",RTLADLTLLDSPIKV,"R.{17.032}[304.207]TLADLTLLDSPI(K,304.207).V",True,False
healthy_vs_infected,8,"K.[304.207](K,376.233)VPQVSTPTLVEVSR.N",KKVPQVSTPTLVEVSRN,"K.[304.207](K,304.207)VP(Q,0.984)VSTPTLVEVSR.N",True,False
healthy_vs_infected,8,"K.[304.207](K,376.233)VPQVSTPTLVEVSR.N",KKVPQVSTPTLVEVSRN,"K.[304.207](K,304.207)VPQVSTPTLVEVSR.N",True,False
healthy_vs_infected,8,"K.[304.207](K,376.233)VPQVSTPTLVEVSR.N",KKVPQVSTPTLVEVSRN,"K.[304.207](K,550.354)VPQVSTPTLVEVSR.N",True,False
healthy_vs_infected,8,"K.[304.207](K,376.233)VPQVSTPTLVEVSR.N",KKVPQVSTPTLVEVSRN,"K.[304.207](K,535.603)VPQVSTPTLVEVSR.N",True,False
healthy_vs_infected,8,"K.[304.207](K,376.233)VPQVSTPTLVEVSR.N",KKVPQVSTPTLVEVSRN,"K.[304.207](K,498.649)VPQVSTPTLVEVSR.N",True,False
healthy_vs_infected,8,"K.[304.207](K,376.233)VPQVSTPTLVEVSR.N",KKVPQVSTPTLVEVSRN,"K.[304.207](K,481.282)VPQVSTPTLVEVSR.N",True,False
healthy_vs_infected,8,"K.[304.207](K,376.233)VPQVSTPTLVEVSR.N",KKVPQVSTPTLVEVSRN,"K.[304.207](K,473.146)VPQVSTPTLVEVSR.N",True,False
healthy_vs_infected,8,"K.[304.207](K,376.233)VPQVSTPTLVEVSR.N",KKVPQVSTPTLVEVSRN,"K.[304.207](K,466.309)VPQVSTPTLVEVSR.N",True,False
healthy_vs_infected,8,"K.[304.207](K,376.233)VPQVSTPTLVEVSR.N",KKVPQVSTPTLVEVSRN,"K.[304.207](K,435.649)VPQVSTPTLVEVSR.N",True,False
healthy_vs_infected,8,"K.[304.207](K,376.233)VPQVSTPTLVEVSR.N",KKVPQVSTPTLVEVSRN,"K.[304.207](K,408.64)VPQVSTPTLVEVSR.N",True,False
healthy_vs_infected,8,"K.[304.207](K,376.233)VPQVSTPTLVEVSR.N",KKVPQVSTPTLVEVSRN,"K.[304.207](K,304.207)VPQVST(P,98.582)TLVEVSR.N",True,False
healthy_vs_infected,8,"K.[304.207](K,376.233)VPQVSTPTLVEVSR.N",KKVPQVSTPTLVEVSRN,"K.[304.207](K,402.646)VPQVSTPTLVEVSR.N",True,False
healthy_vs_infected,8,"K.[304.207](K,376.233)VPQVSTPTLVEVSR.N",KKVPQVSTPTLVEVSRN,"K.[304.207](K,380.233)VPQVSTPTLVEVSR.N",True,False
healthy_vs_infected,8,"K.[304.207](K,376.233)VPQVSTPTLVEVSR.N",KKVPQVSTPTLVEVSRN,"K.[304.207](K,379.216)VPQVSTPTLVEVSR.N",True,False
healthy_vs_infected,8,"K.[304.207](K,376.233)VPQVSTPTLVEVSR.N",KKVPQVSTPTLVEVSRN,"K.[304.207](K,373.123)VPQVSTPTLVEVSR.N",True,False
healthy_vs_infected,8,"K.[304.207](K,376.233)VPQVSTPTLVEVSR.N",KKVPQVSTPTLVEVSRN,"K.[304.207](K,371.158)VPQVSTPTLVEVSR.N",True,False
healthy_vs_infected,8,"K.[304.207](K,376.233)VPQVSTPTLVEVSR.N",KKVPQVSTPTLVEVSRN,"K.[304.207](K,365.098)VPQVSTPTLVEVSR.N",True,False
healthy_vs_infected,8,"K.[304.207](K,376.233)VPQVSTPTLVEVSR.N",KKVPQVSTPTLVEVSRN,"K.[304.207](K,361.21)VPQVSTPTLVEVSR.N",True,False
healthy_vs_infected,8,"K.[304.207](K,376.233)VPQVSTPTLVEVSR.N",KKVPQVSTPTLVEVSRN,"K.[304.207](K,304.207)VPQVS(T,42.024)PTLVEVSR.N",True,False
healthy_vs_infected,8,"K.[304.207](K,376.233)VPQVSTPTLVEVSR.N",KKVPQVSTPTLVEVSRN,"K.[304.207](K,345.193)VPQVSTPTLVEVSR.N",True,False
healthy_vs_infected,8,"K.[304.207](K,376.233)VPQVSTPTLVEVSR.N",KKVPQVSTPTLVEVSRN,"K.[304.207](K,344.233)VPQVSTPTLVEVSR.N",True,False
healthy_vs_infected,8,"K.[304.207](K,376.233)VPQVSTPTLVEVSR.N",KKVPQVSTPTLVEVSRN,"K.[304.207](K,343.144)VPQVSTPTLVEVSR.N",True,False
healthy_vs_infected,8,"K.[304.207](K,376.233)VPQVSTPTLVEVSR.N",KKVPQVSTPTLVEVSRN,"K.[304.207](K,340.174)VPQVSTPTLVEVSR.N",True,False
healthy_vs_infected,8,"K.[304.207](K,376.233)VPQVSTPTLVEVSR.N",KKVPQVSTPTLVEVSRN,"K.[304.207](K,304.207)VPQVS(T,31.014)PTLVEVSR.N",True,False
healthy_vs_infected,8,"K.[304.207](K,376.233)VPQVSTPTLVEVSR.N",KKVPQVSTPTLVEVSRN,"K.[304.207](K,304.207)VPQVSTPTLVEV(S,30.026)R.N",True,False
healthy_vs_infected,8,"K.[304.207](K,376.233)VPQVSTPTLVEVSR.N",KKVPQVSTPTLVEVSRN,"K.[304.207](K,334.186)VPQVSTPTLVEVSR.N",True,False
healthy_vs_infected,8,"K.[304.207](K,376.233)VPQVSTPTLVEVSR.N",KKVPQVSTPTLVEVSRN,"K.[304.207](K,333.208)VPQVSTPTLVEVSR.N",True,False
healthy_vs_infected,8,"K.[304.207](K,376.233)VPQVSTPTLVEVSR.N",KKVPQVSTPTLVEVSRN,"K.[304.207](K,331.189)VPQVSTPTLVEVSR.N",True,False
healthy_vs_infected,8,"K.[304.207](K,376.233)VPQVSTPTLVEVSR.N",KKVPQVSTPTLVEVSRN,"K.[304.207](K,304.207)VPQV(S,26.046)TPTLVEVSR.N",True,False
healthy_vs_infected,8,"K.[304.207](K,376.233)VPQVSTPTLVEVSR.N",KKVPQVSTPTLVEVSRN,"K.[304.207](K,329.206)VPQVSTPTLVEVSR.N",True,False
healthy_vs_infected,8,"K.[304.207](K,376.233)VPQVSTPTLVEVSR.N",KKVPQVSTPTLVEVSRN,"K.[304.207](K,304.207)V(P,22.974)QVSTPTLVEVSR.N",True,False
healthy_vs_infected,8,"K.[304.207](K,376.233)VPQVSTPTLVEVSR.N",KKVPQVSTPTLVEVSRN,"K.[304.207](K,317.176)VPQVSTPTLVEVSR.N",True,False
healthy_vs_infected,8,"K.[304.207](K,376.233)VPQVSTPTLVEVSR.N",KKVPQVSTPTLVEVSRN,"K.[304.207](K,316.186)VPQVSTPTLVEVSR.N",True,False
healthy_vs_infected,8,"K.[304.207](K,376.233)VPQVSTPTLVEVSR.N",KKVPQVSTPTLVEVSRN,"K.[304.207](K,308.134)VPQVSTPTLVEVSR.N",True,False
healthy_vs_infected,8,"K.[304.207](K,376.233)VPQVSTPTLVEVSR.N",KKVPQVSTPTLVEVSRN,"K.[304.207](K,291.157)VPQVSTPTLVEVSR.N",True,False
healthy_vs_infected,8,"K.[304.207](K,376.233)VPQVSTPTLVEVSR.N",KKVPQVSTPTLVEVSRN,"K.[304.207](K,290.161)VPQVSTPTLVEVSR.N",True,False
healthy_vs_infected,8,"K.[304.207](K,376.233)VPQVSTPTLVEVSR.N",KKVPQVSTPTLVEVSRN,"K.[304.207](K,289.228)VPQVSTPTLVEVSR.N",True,False
healthy_vs_infected,8,"K.[304.207](K,376.233)VPQVSTPTLVEVSR.N",KKVPQVSTPTLVEVSRN,"K.[304.207](K,277.108)VPQVSTPTLVEVSR.N",True,False
healthy_vs_infected,8,"K.[304.207](K,376.233)VPQVSTPTLVEVSR.N",KKVPQVSTPTLVEVSRN,"K.[304.207](K,276.223)VPQVSTPTLVEVSR.N",True,False
healthy_vs_infected,8,"K.[304.207](K,376.233)VPQVSTPTLVEVSR.N",KKVPQVSTPTLVEVSRN,"K.[304.207](K,261.07)VPQVSTPTLVEVSR.N",True,False
healthy_vs_infected,8,"K.[304.207](K,376.233)VPQVSTPTLVEVSR.N",KKVPQVSTPTLVEVSRN,"K.[304.207](K,304.207)VPQVSTPT(L,-54.462)VEVSR.N",True,False
healthy_vs_infected,8,"K.[304.207](K,376.233)VPQVSTPTLVEVSR.N",KKVPQVSTPTLVEVSRN,"K.[304.207](K,248.248)VPQVSTPTLVEVSR.N",True,False
healthy_vs_infected,8,"K.[304.207](K,376.233)VPQVSTPTLVEVSR.N",KKVPQVSTPTLVEVSRN,"K.[304.207](K,247.144)VPQVSTPTLVEVSR.N",True,False
healthy_vs_infected,8,"K.[304.207](K,376.233)VPQVSTPTLVEVSR.N",KKVPQVSTPTLVEVSRN,"K.[304.207](K,246.559)VPQVSTPTLVEVSR.N",True,False
healthy_vs_infected,8,"K.[304.207](K,376.233)VPQVSTPTLVEVSR.N",KKVPQVSTPTLVEVSRN,"K.[304.207](K,245.023)VPQVSTPTLVEVSR.N",True,False
healthy_vs_infected,8,"K.[304.207](K,376.233)VPQVSTPTLVEVSR.N",KKVPQVSTPTLVEVSRN,"K.[304.207](K,304.207)VPQVSTPTLVEVS(R,-60.037).N",True,False
healthy_vs_infected,8,"K.[304.207](K,376.233)VPQVSTPTLVEVSR.N",KKVPQVSTPTLVEVSRN,"K.[304.207](K,244.117)VPQVSTPTLVEVSR.N",True,False
healthy_vs_infected,8,"K.[304.207](K,376.233)VPQVSTPTLVEVSR.N",KKVPQVSTPTLVEVSRN,"K.[304.207](K,241.135)VPQVSTPTLVEVSR.N",True,False
healthy_vs_infected,8,"K.[304.207](K,376.233)VPQVSTPTLVEVSR.N",KKVPQVSTPTLVEVSRN,"K.[304.207](K,240.142)VPQVSTPTLVEVSR.N",True,False
healthy_vs_infected,8,"K.[304.207](K,376.233)VPQVSTPTLVEVSR.N",KKVPQVSTPTLVEVSRN,"K.[304.207](K,233.173)VPQVSTPTLVEVSR.N",True,False
healthy_vs_infected,8,"K.[304.207](K,376.233)VPQVSTPTLVEVSR.N",KKVPQVSTPTLVEVSRN,"K.[304.207](K,229.165)VPQVSTPTLVEVSR.N",True,False
healthy_vs_infected,8,"K.[304.207](K,376.233)VPQVSTPTLVEVSR.N",KKVPQVSTPTLVEVSRN,"K.[304.207](K,202.057)VPQVSTPTLVEVSR.N",True,False
healthy_vs_infected,8,"K.[304.207](K,376.233)VPQVSTPTLVEVSR.N",KKVPQVSTPTLVEVSRN,"K.[304.207](K,196.06)VPQVSTPTLVEVSR.N",True,False
healthy_vs_infected,8,"K.[304.207](K,376.233)VPQVSTPTLVEVSR.N",KKVPQVSTPTLVEVSRN,"K.[304.207](K,190.066)VPQVSTPTLVEVSR.N",True,False
healthy_vs_infected,8,"K.[304.207](K,376.233)VPQVSTPTLVEVSR.N",KKVPQVSTPTLVEVSRN,"K.[304.207](K,178.918)VPQVSTPTLVEVSR.N",True,False
healthy_vs_infected,8,"K.[304.207](K,376.233)VPQVSTPTLVEVSR.N",KKVPQVSTPTLVEVSRN,"K.[304.207](K,177.07)VPQVSTPTLVEVSR.N",True,False
healthy_vs_infected,8,"K.[304.207](K,376.233)VPQVSTPTLVEVSR.N",KKVPQVSTPTLVEVSRN,"K.[304.207](K,304.207)VPQVSTPTLVEV(S,319.222)R.N",True,False
healthy_vs_infected,8,"K.[304.207](K,376.233)VPQVSTPTLVEVSR.N",KKVPQVSTPTLVEVSRN,"K.[304.207](K,304.207)VPQVSTPTLVEVS(R,304.21).N",True,False
healthy_vs_infected,8,"K.[304.207](K,376.233)VPQVSTPTLVEVSR.N",KKVPQVSTPTLVEVSRN,"K.[304.207](K,595.381)VPQVSTPTLVEVSR.N",True,False
healthy_vs_infected,8,"K.[304.207](K,376.233)VPQVSTPTLVEVSR.N",KKVPQVSTPTLVEVSRN,"K.[304.207](K,304.207)(V,290.174)PQVSTPTLVEVSR.N",True,False
healthy_vs_infected,8,"K.[304.207](K,376.233)VPQVSTPTLVEVSR.N",KKVPQVSTPTLVEVSRN,"K.[304.207](K,304.207)VPQVSTPTLVE(V,156.11)SR.N",True,False
healthy_vs_infected,8,"K.[304.207](K,376.233)VPQVSTPTLVEVSR.N",KKVPQVSTPTLVEVSRN,"K.[304.207](K,304.207)VPQVS(T,100.022)PTLVEVSR.N",True,False
healthy_vs_infected,8,"K.[304.207](K,376.233)VPQVSTPTLVEVSR.N",KKVPQVSTPTLVEVSRN,"K.[304.207](K,376.233)VPQVSTPTLVEVSR.N",True,True
healthy_vs_infected,8,"K.[304.207](K,376.233)VPQVSTPTLVEVSR.N",KKVPQVSTPTLVEVSRN,"K.[304.207](K,375.249)VPQVSTPTLVEVSR.N",True,False
healthy_vs_infected,8,"K.[304.207](K,376.233)VPQVSTPTLVEVSR.N",KKVPQVSTPTLVEVSRN,"K.[304.207](K,361.237)VPQVSTPTLVEVSR.N",True,False
healthy_vs_infected,8,"K.[304.207](K,376.233)VPQVSTPTLVEVSR.N",KKVPQVSTPTLVEVSRN,"K.[304.207](K,304.207)VPQ(V,56.914)STPTLVEVSR.N",True,False
healthy_vs_infected,8,"K.[304.207](K,376.233)VPQVSTPTLVEVSR.N",KKVPQVSTPTLVEVSRN,"K.[304.207](K,304.207)VPQ(V,55.922)STPTLVEVSR.N",True,False
healthy_vs_infected,8,"K.[304.207](K,376.233)VPQVSTPTLVEVSR.N",KKVPQVSTPTLVEVSRN,"K.[304.207](K,304.207)VPQ(V,54.918)STPTLVEVSR.N",True,False
healthy_vs_infected,8,"K.[304.207](K,376.233)VPQVSTPTLVEVSR.N",KKVPQVSTPTLVEVSRN,"K.[304.207](K,304.207)VPQ(V,53.918)STPTLVEVSR.N",True,False
healthy_vs_infected,8,"K.[304.207](K,376.233)VPQVSTPTLVEVSR.N",KKVPQVSTPTLVEVSRN,"K.[304.207](K,304.207)VPQ(V,46.994)STPTLVEVSR.N",True,False
healthy_vs_infected,8,"K.[304.207](K,376.233)VPQVSTPTLVEVSR.N",KKVPQVSTPTLVEVSRN,"K.[304.207](K,332.245)VPQVSTPTLVEVSR.N",True,False
healthy_vs_infected,8,"K.[304.207](K,376.233)VPQVSTPTLVEVSR.N",KKVPQVSTPTLVEVSRN,"K.[304.207](K,304.207)VPQ(V,23.954)STPTLVEVSR.N",True,False
healthy_vs_infected,8,"K.[304.207](K,376.233)VPQVSTPTLVEVSR.N",KKVPQVSTPTLVEVSRN,"K.[304.207](K,304.207)V(P,16.002)QVSTPTLVEVSR.N",True,False
healthy_vs_infected,8,"K.[304.207](K,376.233)VPQVSTPTLVEVSR.N",KKVPQVSTPTLVEVSRN,"K.[304.207](K,304.207)VPQVSTPTL(V,15.018)EVSR.N",True,False
healthy_vs_infected,8,"K.[304.207](K,376.233)VPQVSTPTLVEVSR.N",KKVPQVSTPTLVEVSRN,"K.[304.207](K,304.207)VPQVSTPTLVEV(S,14.03)R.N",True,False
healthy_vs_infected,8,"K.[304.207](K,376.233)VPQVSTPTLVEVSR.N",KKVPQVSTPTLVEVSRN,"K.[304.207](K,304.207)VPQV(S,4.982)TPTLVEVSR.N",True,False
healthy_vs_infected,8,"K.[304.207](K,376.233)VPQVSTPTLVEVSR.N",KKVPQVSTPTLVEVSRN,"K.[304.207](K,304.207)VPQVS(T,-17.006)PTLVEVSR.N",True,False
healthy_vs_infected,8,"K.[304.207](K,376.233)VPQVSTPTLVEVSR.N",KKVPQVSTPTLVEVSRN,"K.[304.207](K,304.207)VPQVST(P,-18.014)TLVEVSR.N",True,False
healthy_vs_infected,8,"K.[304.207](K,376.233)VPQVSTPTLVEVSR.N",KKVPQVSTPTLVEVSRN,"K.[304.207](K,304.207)VPQVSTPTLVE(V,-33.006)SR.N",True,False
healthy_vs_infected,8,"K.[304.207](K,376.233)VPQVSTPTLVEVSR.N",KKVPQVSTPTLVEVSRN,"K.[304.207](K,304.207)VPQVS(T,-34.058)PTLVEVSR.N",True,False
healthy_vs_infected,8,"K.[304.207](K,376.233)VPQVSTPTLVEVSR.N",KKVPQVSTPTLVEVSRN,"K.[304.207](K,304.207)VPQVS(T,-35.014)PTLVEVSR.N",True,False
healthy_vs_infected,8,"K.[304.207](K,376.233)VPQVSTPTLVEVSR.N",KKVPQVSTPTLVEVSRN,"K.[304.207](K,304.207)VPQVST(P,-35.306)TLVEVSR.N",True,False
healthy_vs_infected,8,"K.[304.207](K,376.233)VPQVSTPTLVEVSR.N",KKVPQVSTPTLVEVSRN,"K.[304.207](K,268.125)VPQVSTPTLVEVSR.N",True,False
healthy_vs_infected,8,"K.[304.207](K,376.233)VPQVSTPTLVEVSR.N",KKVPQVSTPTLVEVSRN,"K.[304.207](K,304.207)VPQVST(P,-37.03)TLVEVSR.N",True,False
healthy_vs_infected,8,"K.[304.207](K,376.233)VPQVSTPTLVEVSR.N",KKVPQVSTPTLVEVSRN,"K.[304.207](K,304.207)VPQVST(P,-38.03)TLVEVSR.N",True,False
healthy_vs_infected,8,"K.[304.207](K,376.233)VPQVSTPTLVEVSR.N",KKVPQVSTPTLVEVSRN,"K.[304.207](K,304.207)VPQVS(T,-41.998)PTLVEVSR.N",True,False
healthy_vs_infected,8,"K.[304.207](K,376.233)VPQVSTPTLVEVSR.N",KKVPQVSTPTLVEVSRN,"K.[304.207](K,304.207)VPQVS(T,-44.01)PTLVEVSR.N",True,False
healthy_vs_infected,8,"K.[304.207](K,376.233)VPQVSTPTLVEVSR.N",KKVPQVSTPTLVEVSRN,"K.[304.207](K,304.207)VPQVSTPTLVEVS(R,-45.998).N",True,False
healthy_vs_infected,8,"K.[304.207](K,376.233)VPQVSTPTLVEVSR.N",KKVPQVSTPTLVEVSRN,"K.[304.207](K,246.141)VPQVSTPTLVEVSR.N",True,False
healthy_vs_infected,8,"K.[304.207](K,376.233)VPQVSTPTLVEVSR.N",KKVPQVSTPTLVEVSRN,"K.[304.207](K,245.137)VPQVSTPTLVEVSR.N",True,False
healthy_vs_infected,8,"K.[304.207](K,376.233)VPQVSTPTLVEVSR.N",KKVPQVSTPTLVEVSRN,"K.[304.207](K,326.196)VPQVSTPTLVEVSR.N",True,False
healthy_vs_infected,8,"K.[304.207](K,376.233)VPQVSTPTLVEVSR.N",KKVPQVSTPTLVEVSRN,"K.[304.207](K,318.194)VPQVSTPTLVEVSR.N",True,False
healthy_vs_infected,8,"K.[304.207](K,376.233)VPQVSTPTLVEVSR.N",KKVPQVSTPTLVEVSRN,"K.[304.207](K,302.198)VPQVSTPTLVEVSR.N",True,False
healthy_vs_infected,8,"K.[304.207](K,376.233)VPQVSTPTLVEVSR.N",KKVPQVSTPTLVEVSRN,"K.[304.207](K,300.18)VPQVSTPTLVEVSR.N",True,False
healthy_vs_infected,9,"S.[236.123]LHTLFGD(K,304.207).L",SLHTLFGDKL,"-.[304.207](S,43.006)LHTLFGD(K,304.207).L",True,False
healthy_vs_infected,9,"S.[236.123]LHTLFGD(K,304.207).L",SLHTLFGDKL,"S.[304.207](L,-43.104)HTLFGD(K,304.207).L",True,False
healthy_vs_infected,9,"S.[236.123]LHTLFGD(K,304.207).L",SLHTLFGDKL,"S.[304.207](L,-45.11)HTLFGD(K,304.207).L",True,False
healthy_vs_infected,9,"S.[236.123]LHTLFGD(K,304.207).L",SLHTLFGDKL,"S.[245.055]LHTLFGD(K,304.207).L",True,False
healthy_vs_infected,9,"S.[236.123]LHTLFGD(K,304.207).L",SLHTLFGDKL,"S.[236.123]LHTLFGD(K,304.207).L",True,True
healthy_vs_infected,9,"S.[236.123]LHTLFGD(K,304.207).L",SLHTLFGDKL,"S.[204.643]LHTLFGD(K,304.207).L",True,False
healthy_vs_infected,9,"S.[236.123]LHTLFGD(K,304.207).L",SLHTLFGDKL,"S.[203.047]LHTLFGD(K,304.207).L",True,False
healthy_vs_infected,9,"S.[236.123]LHTLFGD(K,304.207).L",SLHTLFGDKL,"S.[202.061]LHTLFGD(K,304.207).L",True,False
healthy_vs_infected,9,"S.[236.123]LHTLFGD(K,304.207).L",SLHTLFGDKL,"S.[198.067]LHTLFGD(K,304.207).L",True,False
healthy_vs_infected,9,"S.[236.123]LHTLFGD(K,304.207).L",SLHTLFGDKL,"S.[191.063]LHTLFGD(K,304.207).L",True,False
healthy_vs_infected,9,"S.[236.123]LHTLFGD(K,304.207).L",SLHTLFGDKL,"S.[187.099]LHTLFGD(K,304.207).L",True,False
healthy_vs_infected,9,"S.[236.123]LHTLFGD(K,304.207).L",SLHTLFGDKL,"S.[186.339]LHTLFGD(K,304.207).L",True,False
healthy_vs_infected,9,"S.[236.123]LHTLFGD(K,304.207).L",SLHTLFGDKL,"S.[186.059]LHTLFGD(K,304.207).L",True,False
healthy_vs_infected,9,"S.[236.123]LHTLFGD(K,304.207).L",SLHTLFGDKL,"S.[184.053]LHTLFGD(K,304.207).L",True,False
healthy_vs_infected,9,"S.[236.123]LHTLFGD(K,304.207).L",SLHTLFGDKL,"S.[183.069]LHTLFGD(K,304.207).L",True,False
healthy_vs_infected,10,"F.[304.207](K,291.14)DLGEENF(K,304.207).A",FKDLGEENFKA,"F.[304.207](K,309.127)DLGEENF(K,304.207).A",True,False
healthy_vs_infected,10,"F.[304.207](K,291.14)DLGEENF(K,304.207).A",FKDLGEENFKA,"F.[304.207](K,304.207)DLGEENF(K,304.207).A",True,False
healthy_vs_infected,10,"F.[304.207](K,291.14)DLGEENF(K,304.207).A",FKDLGEENFKA,"F.[304.207](K,293.1)DLGEENF(K,304.207).A",True,False
healthy_vs_infected,10,"F.[304.207](K,291.14)DLGEENF(K,304.207).A",FKDLGEENFKA,"F.[304.207](K,291.114)DLGEENF(K,304.207).A",True,False
healthy_vs_infected,10,"F.[304.207](K,291.14)DLGEENF(K,304.207).A",FKDLGEENFKA,"F.[304.207](K,280.555)DLGEENF(K,304.207).A",True,False
healthy_vs_infected,10,"F.[304.207](K,291.14)DLGEENF(K,304.207).A",FKDLGEENFKA,"F.[304.207](K,269.11)DLGEENF(K,304.207).A",True,False
healthy_vs_infected,10,"F.[304.207](K,291.14)DLGEENF(K,304.207).A",FKDLGEENFKA,"F.[304.207](K,263.139)DLGEENF(K,304.207).A",True,False
healthy_vs_infected,10,"F.[304.207](K,291.14)DLGEENF(K,304.207).A",FKDLGEENFKA,"F.[304.207](K,262.098)DLGEENF(K,304.207).A",True,False
healthy_vs_infected,10,"F.[304.207](K,291.14)DLGEENF(K,304.207).A",FKDLGEENFKA,"F.[304.207](K,259.534)DLGEENF(K,304.207).A",True,False
healthy_vs_infected,10,"F.[304.207](K,291.14)DLGEENF(K,304.207).A",FKDLGEENFKA,"F.[304.207](K,258.105)DLGEENF(K,304.207).A",True,False
healthy_vs_infected,10,"F.[304.207](K,291.14)DLGEENF(K,304.207).A",FKDLGEENFKA,"F.[304.207](K,255.097)DLGEENF(K,304.207).A",True,False
healthy_vs_infected,10,"F.[304.207](K,291.14)DLGEENF(K,304.207).A",FKDLGEENFKA,"F.[304.207](K,247.09)DLGEENF(K,304.207).A",True,False
healthy_vs_infected,10,"F.[304.207](K,291.14)DLGEENF(K,304.207).A",FKDLGEENFKA,"F.[304.207](K,244.083)DLGEENF(K,304.207).A",True,False
healthy_vs_infected,10,"F.[304.207](K,291.14)DLGEENF(K,304.207).A",FKDLGEENFKA,"F.[304.207](K,229.081)DLGEENF(K,304.207).A",True,False
healthy_vs_infected,10,"F.[304.207](K,291.14)DLGEENF(K,304.207).A",FKDLGEENFKA,"F.[304.207](K,222.108)DLGEENF(K,304.207).A",True,False
healthy_vs_infected,10,"F.[304.207](K,291.14)DLGEENF(K,304.207).A",FKDLGEENFKA,"F.[304.207](K,221.056)DLGEENF(K,304.207).A",True,False
healthy_vs_infected,10,"F.[304.207](K,291.14)DLGEENF(K,304.207).A",FKDLGEENFKA,"F.[304.207](K,220.092)DLGEENF(K,304.207).A",True,False
healthy_vs_infected,10,"F.[304.207](K,291.14)DLGEENF(K,304.207).A",FKDLGEENFKA,"F.[304.207](K,219.09)DLGEENF(K,304.207).A",True,False
healthy_vs_infected,10,"F.[304.207](K,291.14)DLGEENF(K,304.207).A",FKDLGEENFKA,"F.[304.207](K,205.081)DLGEENF(K,304.207).A",True,False
healthy_vs_infected,10,"F.[304.207](K,291.14)DLGEENF(K,304.207).A",FKDLGEENFKA,"F.[304.207](K,204.094)DLGEENF(K,304.207).A",True,False
healthy_vs_infected,10,"F.[304.207](K,291.14)DLGEENF(K,304.207).A",FKDLGEENFKA,"F.[304.207](K,203.089)DLGEENF(K,304.207).A",True,False
healthy_vs_infected,10,"F.[304.207](K,291.14)DLGEENF(K,304.207).A",FKDLGEENFKA,"F.[304.207](K,189.049)DLGEENF(K,304.207).A",True,False
healthy_vs_infected,10,"F.[304.207](K,291.14)DLGEENF(K,304.207).A",FKDLGEENFKA,"F.[304.207](K,297.16)DLGEENF(K,304.207).A",True,False
healthy_vs_infected,10,"F.[304.207](K,291.14)DLGEENF(K,304.207).A",FKDLGEENFKA,"F.[304.207](K,296.162)DLGEENF(K,304.207).A",True,False
healthy_vs_infected,10,"F.[304.207](K,291.14)DLGEENF(K,304.207).A",FKDLGEENFKA,"F.[304.207](K,292.144)DLGEENF(K,304.207).A",True,False
healthy_vs_infected,10,"F.[304.207](K,291.14)DLGEENF(K,304.207).A",FKDLGEENFKA,"F.[304.207](K,291.14)DLGEENF(K,304.207).A",True,True
healthy_vs_infected,10,"F.[304.207](K,291.14)DLGEENF(K,304.207).A",FKDLGEENFKA,"F.[304.207](K,276.118)DLGEENF(K,304.207).A",True,False
healthy_vs_infected,10,"F.[304.207](K,291.14)DLGEENF(K,304.207).A",FKDLGEENFKA,"F.[304.207](K,261.102)DLGEENF(K,304.207).A",True,False
healthy_vs_infected,10,"F.[304.207](K,291.14)DLGEENF(K,304.207).A",FKDLGEENFKA,"F.[304.207](K,175.07)DLGEENF(K,304.207).A",True,False
severe_vs_nonsevere,1,"R.[304.207]EANYIG(S,304.212)D(K,304.207)YFHAR.G",REANYIGSDKYFHARG,"R.[304.207]EANYIGSD(K,304.207)YFHAR.G",True,False
severe_vs_nonsevere,1,"R.[304.207]EANYIG(S,304.212)D(K,304.207)YFHAR.G",REANYIGSDKYFHARG,"R.{32.000}[304.207]EANYIGSD(K,304.207)YFHAR.G",True,False
severe_vs_nonsevere,1,"R.[304.207]EANYIG(S,304.212)D(K,304.207)YFHAR.G",REANYIGSDKYFHARG,"R.{13.952}[304.207]EANYIGSD(K,304.207)YFHAR.G",True,False
severe_vs_nonsevere,1,"R.[304.207]EANYIG(S,304.212)D(K,304.207)YFHAR.G",REANYIGSDKYFHARG,"R.[304.207]EANYIG(S,304.212)D(K,304.207)YFHAR.G",True,True
severe_vs_nonsevere,2,"R.{290.173}[304.207]EGT(C,57.021)PEAPTDE(C,57.021)(K,304.207)PV(K,304.207).W",REGTCPEAPTDECKPVKW,"R.[304.207]EGT(C,57.021)PEAPTDE(C,57.021)(K,304.207)PV(K,304.207).W",True,False
severe_vs_nonsevere,2,"R.{290.173}[304.207]EGT(C,57.021)PEAPTDE(C,57.021)(K,304.207)PV(K,304.207).W",REGTCPEAPTDECKPVKW,"R.{303.212}[304.207]EGT(C,57.021)PEAPTDE(C,57.021)(K,304.207)PV(K,304.207).W",True,False
severe_vs_nonsevere,2,"R.{290.173}[304.207]EGT(C,57.021)PEAPTDE(C,57.021)(K,304.207)PV(K,304.207).W",REGTCPEAPTDECKPVKW,"R.{290.173}[304.207]EGT(C,57.021)PEAPTDE(C,57.021)(K,304.207)PV(K,304.207).W",True,True
severe_vs_nonsevere,2,"R.{290.173}[304.207]EGT(C,57.021)PEAPTDE(C,57.021)(K,304.207)PV(K,304.207).W",REGTCPEAPTDECKPVKW,"R.{247.049}[304.207]EGT(C,57.021)PEAPTDE(C,57.021)(K,304.207)PV(K,304.207).W",True,False
severe_vs_nonsevere,2,"R.{290.173}[304.207]EGT(C,57.021)PEAPTDE(C,57.021)(K,304.207)PV(K,304.207).W",REGTCPEAPTDECKPVKW,"R.[304.207]EGT(C,57.021)PEA(P,68.913)TDE(C,57.021)(K,304.207)PV(K,304.207).W",True,False
severe_vs_nonsevere,2,"R.{290.173}[304.207]EGT(C,57.021)PEAPTDE(C,57.021)(K,304.207)PV(K,304.207).W",REGTCPEAPTDECKPVKW,"R.{63.916}[304.207]EGT(C,57.021)PEAPTDE(C,57.021)(K,304.207)PV(K,304.207).W",True,False
severe_vs_nonsevere,2,"R.{290.173}[304.207]EGT(C,57.021)PEAPTDE(C,57.021)(K,304.207)PV(K,304.207).W",REGTCPEAPTDECKPVKW,"R.[304.207]EGT(C,57.021)PEAPTDE(C,57.021)(K,361.236)PV(K,304.207).W",True,False
severe_vs_nonsevere,2,"R.{290.173}[304.207]EGT(C,57.021)PEAPTDE(C,57.021)(K,304.207)PV(K,304.207).W",REGTCPEAPTDECKPVKW,"R.[304.207]EGT(C,57.021)PEAPTD(E,42.96)(C,57.021)(K,304.207)PV(K,304.207).W",True,False
severe_vs_nonsevere,2,"R.{290.173}[304.207]EGT(C,57.021)PEAPTDE(C,57.021)(K,304.207)PV(K,304.207).W",REGTCPEAPTDECKPVKW,"R.[304.207]EGT(C,57.021)PEAPTD(E,38.868)(C,57.021)(K,304.207)PV(K,304.207).W",True,False
severe_vs_nonsevere,2,"R.{290.173}[304.207]EGT(C,57.021)PEAPTDE(C,57.021)(K,304.207)PV(K,304.207).W",REGTCPEAPTDECKPVKW,"R.{37.980}[304.207]EGT(C,57.021)PEAPTDE(C,57.021)(K,304.207)PV(K,304.207).W",True,False
severe_vs_nonsevere,2,"R.{290.173}[304.207]EGT(C,57.021)PEAPTDE(C,57.021)(K,304.207)PV(K,304.207).W",REGTCPEAPTDECKPVKW,"R.[304.207]EGT(C,57.021)PEAPTD(E,38.004)(C,57.021)(K,304.207)PV(K,304.207).W",True,False
severe_vs_nonsevere,2,"R.{290.173}[304.207]EGT(C,57.021)PEAPTDE(C,57.021)(K,304.207)PV(K,304.207).W",REGTCPEAPTDECKPVKW,"R.{33.024}[304.207]EGT(C,57.021)PEAPTDE(C,57.021)(K,304.207)PV(K,304.207).W",True,False
severe_vs_nonsevere,2,"R.{290.173}[304.207]EGT(C,57.021)PEAPTDE(C,57.021)(K,304.207)PV(K,304.207).W",REGTCPEAPTDECKPVKW,"R.[304.207]EGT(C,57.021)PEAPTD(E,21.965)(C,57.021)(K,304.207)PV(K,304.207).W",True,False
severe_vs_nonsevere,2,"R.{290.173}[304.207]EGT(C,57.021)PEAPTDE(C,57.021)(K,304.207)PV(K,304.207).W",REGTCPEAPTDECKPVKW,"R.{17.024}[304.207]EGT(C,57.021)PEAPTDE(C,57.021)(K,304.207)PV(K,304.207).W",True,False
severe_vs_nonsevere,2,"R.{290.173}[304.207]EGT(C,57.021)PEAPTDE(C,57.021)(K,304.207)PV(K,304.207).W",REGTCPEAPTDECKPVKW,"R.{15.009}[304.207]EGT(C,57.021)PEAPTDE(C,57.021)(K,304.207)PV(K,304.207).W",True,False
severe_vs_nonsevere,2,"R.{290.173}[304.207]EGT(C,57.021)PEAPTDE(C,57.021)(K,304.207)PV(K,304.207).W",REGTCPEAPTDECKPVKW,"R.[304.207]EGT(C,57.021)PEA(P,14.017)TDE(C,57.021)(K,304.207)PV(K,304.207).W",True,False
severe_vs_nonsevere,2,"R.{290.173}[304.207]EGT(C,57.021)PEAPTDE(C,57.021)(K,304.207)PV(K,304.207).W",REGTCPEAPTDECKPVKW,"R.{12.032}[304.207]EGT(C,57.021)PEAPTDE(C,57.021)(K,304.207)PV(K,304.207).W",True,False
severe_vs_nonsevere,2,"R.{290.173}[304.207]EGT(C,57.021)PEAPTDE(C,57.021)(K,304.207)PV(K,304.207).W",REGTCPEAPTDECKPVKW,"R.{3.809}[304.207]EGT(C,57.021)PEAPTDE(C,57.021)(K,304.207)PV(K,304.207).W",True,False
severe_vs_nonsevere,2,"R.{290.173}[304.207]EGT(C,57.021)PEAPTDE(C,57.021)(K,304.207)PV(K,304.207).W",REGTCPEAPTDECKPVKW,"R.[304.207]EGT(C,57.021)PEA(P,-17.011)TDE(C,57.021)(K,304.207)PV(K,304.207).W",True,False
severe_vs_nonsevere,2,"R.{290.173}[304.207]EGT(C,57.021)PEAPTDE(C,57.021)(K,304.207)PV(K,304.207).W",REGTCPEAPTDECKPVKW,"R.[304.207]EGT(C,57.021)PEAP(T,-18.003)DE(C,57.021)(K,304.207)PV(K,304.207).W",True,False
severe_vs_nonsevere,2,"R.{290.173}[304.207]EGT(C,57.021)PEAPTDE(C,57.021)(K,304.207)PV(K,304.207).W",REGTCPEAPTDECKPVKW,"R.[304.207]EGT(C,57.021)PEA(P,-19.092)TDE(C,57.021)(K,304.207)PV(K,304.207).W",True,False
severe_vs_nonsevere,2,"R.{290.173}[304.207]EGT(C,57.021)PEAPTDE(C,57.021)(K,304.207)PV(K,304.207).W",REGTCPEAPTDECKPVKW,"R.[304.207]EGT(C,57.021)PEAPTDE(C,25.006)(K,304.207)PV(K,304.207).W",True,False
severe_vs_nonsevere,2,"R.{290.173}[304.207]EGT(C,57.021)PEAPTDE(C,57.021)(K,304.207)PV(K,304.207).W",REGTCPEAPTDECKPVKW,"R.[304.207]EGT(C,57.021)PEAPT(D,-57.06)E(C,57.021)(K,304.207)PV(K,304.207).W",True,False
severe_vs_nonsevere,2,"R.{290.173}[304.207]EGT(C,57.021)PEAPTDE(C,57.021)(K,304.207)PV(K,304.207).W",REGTCPEAPTDECKPVKW,"R.[304.207]EGT(C,-1.026)PEAPTDE(C,57.021)(K,304.207)PV(K,304.207).W",True,False
severe_vs_nonsevere,2,"R.{290.173}[304.207]EGT(C,57.021)PEAPTDE(C,57.021)(K,304.207)PV(K,304.207).W",REGTCPEAPTDECKPVKW,"R.[304.207]EGT(C,57.021)PEAPTD(E,-59.063)(C,57.021)(K,304.207)PV(K,304.207).W",True,False
severe_vs_nonsevere,2,"R.{290.173}[304.207]EGT(C,57.021)PEAPTDE(C,57.021)(K,304.207)PV(K,304.207).W",REGTCPEAPTDECKPVKW,"R.[304.207]EGT(C,57.021)PEAPTDE(C,-15.97)(K,304.207)PV(K,304.207).W",True,False
severe_vs_nonsevere,2,"R.{290.173}[304.207]EGT(C,57.021)PEAPTDE(C,57.021)(K,304.207)PV(K,304.207).W",REGTCPEAPTDECKPVKW,"R.[304.207]EGT(C,-31.962)PEAPTDE(C,57.021)(K,304.207)PV(K,304.207).W",True,False
severe_vs_nonsevere,2,"R.{290.173}[304.207]EGT(C,57.021)PEAPTDE(C,57.021)(K,304.207)PV(K,304.207).W",REGTCPEAPTDECKPVKW,"R.[304.207]EGT(C,-34.97)PEAPTDE(C,57.021)(K,304.207)PV(K,304.207).W",True,False
severe_vs_nonsevere,2,"R.{290.173}[304.207]EGT(C,57.021)PEAPTDE(C,57.021)(K,304.207)PV(K,304.207).W",REGTCPEAPTDECKPVKW,"R.[304.207]EGT(C,-36.238)PEAPTDE(C,57.021)(K,304.207)PV(K,304.207).W",True,False
severe_vs_nonsevere,2,"R.{290.173}[304.207]EGT(C,57.021)PEAPTDE(C,57.021)(K,304.207)PV(K,304.207).W",REGTCPEAPTDECKPVKW,"R.[304.207]EGT(C,57.021)PEAPTDE(C,57.021)(K,177.068)PV(K,304.207).W",True,False
severe_vs_nonsevere,2,"R.{290.173}[304.207]EGT(C,57.021)PEAPTDE(C,57.021)(K,304.207)PV(K,304.207).W",REGTCPEAPTDECKPVKW,"R.[304.207](E,237.692)GT(C,57.021)PEAPTDE(C,57.021)(K,304.207)PV(K,304.207).W",True,False
severe_vs_nonsevere,2,"R.{290.173}[304.207]EGT(C,57.021)PEAPTDE(C,57.021)(K,304.207)PV(K,304.207).W",REGTCPEAPTDECKPVKW,"R.[304.207]EGT(C,57.021)PEAPTDE(C,57.021)(K,360.237)PV(K,304.207).W",True,False
severe_vs_nonsevere,2,"R.{290.173}[304.207]EGT(C,57.021)PEAPTDE(C,57.021)(K,304.207)PV(K,304.207).W",REGTCPEAPTDECKPVKW,"R.{30.998}[304.207]EGT(C,57.021)PEAPTDE(C,57.021)(K,304.207)PV(K,304.207).W",True,False
severe_vs_nonsevere,2,"R.{290.173}[304.207]EGT(C,57.021)PEAPTDE(C,57.021)(K,304.207)PV(K,304.207).W",REGTCPEAPTDECKPVKW,"R.{16.985}[304.207]EGT(C,57.021)PEAPTDE(C,57.021)(K,304.207)PV(K,304.207).W",True,False
severe_vs_nonsevere,2,"R.{290.173}[304.207]EGT(C,57.021)PEAPTDE(C,57.021)(K,304.207)PV(K,304.207).W",REGTCPEAPTDECKPVKW,"R.{16.004}[304.207]EGT(C,57.021)PEAPTDE(C,57.021)(K,304.207)PV(K,304.207).W",True,False
severe_vs_nonsevere,2,"R.{290.173}[304.207]EGT(C,57.021)PEAPTDE(C,57.021)(K,304.207)PV(K,304.207).W",REGTCPEAPTDECKPVKW,"R.[304.207]EGT(C,63.968)PEAPTDE(C,57.021)(K,304.207)PV(K,304.207).W",True,False
severe_vs_nonsevere,2,"R.{290.173}[304.207]EGT(C,57.021)PEAPTDE(C,57.021)(K,304.207)PV(K,304.207).W",REGTCPEAPTDECKPVKW,"R.[304.207]EGT(C,57.021)PEAPT(D,-2.005)E(C,57.021)(K,304.207)PV(K,304.207).W",True,False
severe_vs_nonsevere,2,"R.{290.173}[304.207]EGT(C,57.021)PEAPTDE(C,57.021)(K,304.207)PV(K,304.207).W",REGTCPEAPTDECKPVKW,"R.[304.207]EGT(C,-20.986)PEAPTDE(C,57.021)(K,304.207)PV(K,304.207).W",True,False
severe_vs_nonsevere,2,"R.{290.173}[304.207]EGT(C,57.021)PEAPTDE(C,57.021)(K,304.207)PV(K,304.207).W",REGTCPEAPTDECKPVKW,"R.[304.207]EGT(C,57.021)PEAPTDE(C,-33.982)(K,304.207)PV(K,304.207).W",True,False
severe_vs_nonsevere,2,"R.{290.173}[304.207]EGT(C,57.021)PEAPTDE(C,57.021)(K,304.207)PV(K,304.207).W",REGTCPEAPTDECKPVKW,"R.[202.752]EGT(C,57.021)PEAPTDE(C,57.021)(K,304.207)PV(K,304.207).W",True,False
severe_vs_nonsevere,3,"R.[304.207]GDAV(C,57.021)TESG(W,31.997)RPLPS(C,57.021)EE(K,304.207).S",RGDAVCTESGWRPLPSCEEKS,"R.{52.917}[304.207]GDAV(C,57.021)TESGWRPLPS(C,57.021)EE(K,304.207).S",True,False
severe_vs_nonsevere,3,"R.[304.207]GDAV(C,57.021)TESG(W,31.997)RPLPS(C,57.021)EE(K,304.207).S",RGDAVCTESGWRPLPSCEEKS,"R.[304.207]GDAV(C,105.01)TESGWRPLPS(C,57.021)EE(K,304.207).S",True,False
severe_vs_nonsevere,3,"R.[304.207]GDAV(C,57.021)TESG(W,31.997)RPLPS(C,57.021)EE(K,304.207).S",RGDAVCTESGWRPLPSCEEKS,"R.[304.207]GDAV(C,57.021)TESG(W,31.997)RPLPS(C,57.021)EE(K,304.207).S",True,True
severe_vs_nonsevere,3,"R.[304.207]GDAV(C,57.021)TESG(W,31.997)RPLPS(C,57.021)EE(K,304.207).S",RGDAVCTESGWRPLPSCEEKS,"R.{17.033}[304.207]GDAV(C,57.021)TESGWRPLPS(C,57.021)EE(K,304.207).S",True,False
severe_vs_nonsevere,3,"R.[304.207]GDAV(C,57.021)TESG(W,31.997)RPLPS(C,57.021)EE(K,304.207).S",RGDAVCTESGWRPLPSCEEKS,"R.[304.207]GDAV(C,57.021)TESG(W,16.009)RPLPS(C,57.021)EE(K,304.207).S",True,False
severe_vs_nonsevere,3,"R.[304.207]GDAV(C,57.021)TESG(W,31.997)RPLPS(C,57.021)EE(K,304.207).S",RGDAVCTESGWRPLPSCEEKS,"R.{15.001}[304.207]GDAV(C,57.021)TESGWRPLPS(C,57.021)EE(K,304.207).S",True,False
severe_vs_nonsevere,3,"R.[304.207]GDAV(C,57.021)TESG(W,31.997)RPLPS(C,57.021)EE(K,304.207).S",RGDAVCTESGWRPLPSCEEKS,"R.[304.207]GDAV(C,57.021)TESGWRPL(P,-18.003)S(C,57.021)EE(K,304.207).S",True,False
severe_vs_nonsevere,4,"K.[304.207](T,-13.036)(C,57.021)VADESAEN(C,57.021)D(K,304.207).S",KTCVADESAENCDKS,"K.[304.207]T(C,57.021)VADESAE(N,0.984)(C,57.021)D(K,304.207).S",True,False
severe_vs_nonsevere,4,"K.[304.207](T,-13.036)(C,57.021)VADESAEN(C,57.021)D(K,304.207).S",KTCVADESAENCDKS,"K.[304.207]T(C,57.021)VADESAEN(C,57.021)D(K,304.207).S",True,False
severe_vs_nonsevere,4,"K.[304.207](T,-13.036)(C,57.021)VADESAEN(C,57.021)D(K,304.207).S",KTCVADESAENCDKS,"K.[304.207]T(C,57.021)VA(D,319.22)ESAEN(C,57.021)D(K,304.207).S",True,False
severe_vs_nonsevere,4,"K.[304.207](T,-13.036)(C,57.021)VADESAEN(C,57.021)D(K,304.207).S",KTCVADESAENCDKS,"K.{308.672}[304.207]T(C,57.021)VADESAEN(C,57.021)D(K,304.207).S",True,False
severe_vs_nonsevere,4,"K.[304.207](T,-13.036)(C,57.021)VADESAEN(C,57.021)D(K,304.207).S",KTCVADESAENCDKS,"K.[304.207]T(C,57.021)VA(D,304.214)ESAEN(C,57.021)D(K,304.207).S",True,False
severe_vs_nonsevere,4,"K.[304.207](T,-13.036)(C,57.021)VADESAEN(C,57.021)D(K,304.207).S",KTCVADESAENCDKS,"K.{278.756}[304.207]T(C,57.021)VADESAEN(C,57.021)D(K,304.207).S",True,False
severe_vs_nonsevere,4,"K.[304.207](T,-13.036)(C,57.021)VADESAEN(C,57.021)D(K,304.207).S",KTCVADESAENCDKS,"K.{278.411}[304.207]T(C,57.021)VADESAEN(C,57.021)D(K,304.207).S",True,False
severe_vs_nonsevere,4,"K.[304.207](T,-13.036)(C,57.021)VADESAEN(C,57.021)D(K,304.207).S",KTCVADESAENCDKS,"K.{265.175}[304.207]T(C,57.021)VADESAEN(C,57.021)D(K,304.207).S",True,False
severe_vs_nonsevere,4,"K.[304.207](T,-13.036)(C,57.021)VADESAEN(C,57.021)D(K,304.207).S",KTCVADESAENCDKS,"K.[304.207]T(C,57.021)VADESAEN(C,57.021)D(K,550.353).S",True,False
severe_vs_nonsevere,4,"K.[304.207](T,-13.036)(C,57.021)VADESAEN(C,57.021)D(K,304.207).S",KTCVADESAENCDKS,"K.[304.207](T,246.131)(C,57.021)VADESAEN(C,57.021)D(K,304.207).S",True,False
severe_vs_nonsevere,4,"K.[304.207](T,-13.036)(C,57.021)VADESAEN(C,57.021)D(K,304.207).S",KTCVADESAENCDKS,"K.[304.207]T(C,288.236)VADESAEN(C,57.021)D(K,304.207).S",True,False
severe_vs_nonsevere,4,"K.[304.207](T,-13.036)(C,57.021)VADESAEN(C,57.021)D(K,304.207).S",KTCVADESAENCDKS,"K.{222.398}[304.207]T(C,57.021)VADESAEN(C,57.021)D(K,304.207).S",True,False
severe_vs_nonsevere,4,"K.[304.207](T,-13.036)(C,57.021)VADESAEN(C,57.021)D(K,304.207).S",KTCVADESAENCDKS,"K.{218.399}[304.207]T(C,57.021)VADESAEN(C,57.021)D(K,304.207).S",True,False
severe_vs_nonsevere,4,"K.[304.207](T,-13.036)(C,57.021)VADESAEN(C,57.021)D(K,304.207).S",KTCVADESAENCDKS,"K.{207.596}[304.207]T(C,57.021)VADESAEN(C,57.021)D(K,304.207).S",True,False
severe_vs_nonsevere,4,"K.[304.207](T,-13.036)(C,57.021)VADESAEN(C,57.021)D(K,304.207).S",KTCVADESAENCDKS,"K.{205.796}[304.207]T(C,57.021)VADESAEN(C,57.021)D(K,304.207).S",True,False
severe_vs_nonsevere,4,"K.[304.207](T,-13.036)(C,57.021)VADESAEN(C,57.021)D(K,304.207).S",KTCVADESAENCDKS,"K.[304.207](T,205.07)(C,57.021)VADESAEN(C,57.021)D(K,304.207).S",True,False
severe_vs_nonsevere,4,"K.[304.207](T,-13.036)(C,57.021)VADESAEN(C,57.021)D(K,304.207).S",KTCVADESAENCDKS,"K.{155.381}[304.207]T(C,57.021)VADESAEN(C,57.021)D(K,304.207).S",True,False
severe_vs_nonsevere,4,"K.[304.207](T,-13.036)(C,57.021)VADESAEN(C,57.021)D(K,304.207).S",KTCVADESAENCDKS,"K.{135.815}[304.207]T(C,57.021)VADESAEN(C,57.021)D(K,304.207).S",True,False
severe_vs_nonsevere,4,"K.[304.207](T,-13.036)(C,57.021)VADESAEN(C,57.021)D(K,304.207).S",KTCVADESAENCDKS,"K.[304.207]T(C,57.021)VADES(A,121.763)EN(C,57.021)D(K,304.207).S",True,False
severe_vs_nonsevere,4,"K.[304.207](T,-13.036)(C,57.021)VADESAEN(C,57.021)D(K,304.207).S",KTCVADESAENCDKS,"K.{121.172}[304.207]T(C,57.021)VADESAEN(C,57.021)D(K,304.207).S",True,False
severe_vs_nonsevere,4,"K.[304.207](T,-13.036)(C,57.021)VADESAEN(C,57.021)D(K,304.207).S",KTCVADESAENCDKS,"K.[304.207]T(C,57.021)VADESAE(N,119.96)(C,57.021)D(K,304.207).S",True,False
severe_vs_nonsevere,4,"K.[304.207](T,-13.036)(C,57.021)VADESAEN(C,57.021)D(K,304.207).S",KTCVADESAENCDKS,"K.[304.207]T(C,57.021)VADES(A,106.145)EN(C,57.021)D(K,304.207).S",True,False
severe_vs_nonsevere,4,"K.[304.207](T,-13.036)(C,57.021)VADESAEN(C,57.021)D(K,304.207).S",KTCVADESAENCDKS,"K.[304.207]T(C,57.021)VADESAEN(C,57.021)(D,101.96)(K,304.207).S",True,False
severe_vs_nonsevere,4,"K.[304.207](T,-13.036)(C,57.021)VADESAEN(C,57.021)D(K,304.207).S",KTCVADESAENCDKS,"K.[304.207]T(C,57.021)VADE(S,100.088)AEN(C,57.021)D(K,304.207).S",True,False
severe_vs_nonsevere,4,"K.[304.207](T,-13.036)(C,57.021)VADESAEN(C,57.021)D(K,304.207).S",KTCVADESAENCDKS,"K.[304.207]T(C,57.021)VADE(S,97.925)AEN(C,57.021)D(K,304.207).S",True,False
severe_vs_nonsevere,4,"K.[304.207](T,-13.036)(C,57.021)VADESAEN(C,57.021)D(K,304.207).S",KTCVADESAENCDKS,"K.{96.920}[304.207]T(C,57.021)VADESAEN(C,57.021)D(K,304.207).S",True,False
severe_vs_nonsevere,4,"K.[304.207](T,-13.036)(C,57.021)VADESAEN(C,57.021)D(K,304.207).S",KTCVADESAENCDKS,"K.[304.207]T(C,57.021)VADE(S,79.913)AEN(C,57.021)D(K,304.207).S",True,False
severe_vs_nonsevere,4,"K.[304.207](T,-13.036)(C,57.021)VADESAEN(C,57.021)D(K,304.207).S",KTCVADESAENCDKS,"K.[304.207]T(C,57.021)VADE(S,79.97)AEN(C,57.021)D(K,304.207).S",True,False
severe_vs_nonsevere,4,"K.[304.207](T,-13.036)(C,57.021)VADESAEN(C,57.021)D(K,304.207).S",KTCVADESAENCDKS,"K.{71.039}[304.207]T(C,57.021)VADESAEN(C,57.021)D(K,304.207).S",True,False
severe_vs_nonsevere,4,"K.[304.207](T,-13.036)(C,57.021)VADESAEN(C,57.021)D(K,304.207).S",KTCVADESAENCDKS,"K.{68.969}[304.207]T(C,57.021)VADESAEN(C,57.021)D(K,304.207).S",True,False
severe_vs_nonsevere,4,"K.[304.207](T,-13.036)(C,57.021)VADESAEN(C,57.021)D(K,304.207).S",KTCVADESAENCDKS,"K.[304.207]T(C,57.021)VADESA(E,68.468)N(C,57.021)D(K,304.207).S",True,False
severe_vs_nonsevere,4,"K.[304.207](T,-13.036)(C,57.021)VADESAEN(C,57.021)D(K,304.207).S",KTCVADESAENCDKS,"K.[304.207]T(C,57.021)VADESAE(N,64.934)(C,57.021)D(K,304.207).S",True,False
severe_vs_nonsevere,4,"K.[304.207](T,-13.036)(C,57.021)VADESAEN(C,57.021)D(K,304.207).S",KTCVADESAENCDKS,"K.{63.920}[304.207]T(C,57.021)VADESAEN(C,57.021)D(K,304.207).S",True,False
severe_vs_nonsevere,4,"K.[304.207](T,-13.036)(C,57.021)VADESAEN(C,57.021)D(K,304.207).S",KTCVADESAENCDKS,"K.{62.636}[304.207]T(C,57.021)VADESAEN(C,57.021)D(K,304.207).S",True,False
severe_vs_nonsevere,4,"K.[304.207](T,-13.036)(C,57.021)VADESAEN(C,57.021)D(K,304.207).S",KTCVADESAENCDKS,"K.[304.207]T(C,57.021)VADESAEN(C,117.038)D(K,304.207).S",True,False
severe_vs_nonsevere,4,"K.[304.207](T,-13.036)(C,57.021)VADESAEN(C,57.021)D(K,304.207).S",KTCVADESAENCDKS,"K.{58.943}[304.207]T(C,57.021)VADESAEN(C,57.021)D(K,304.207).S",True,False
severe_vs_nonsevere,4,"K.[304.207](T,-13.036)(C,57.021)VADESAEN(C,57.021)D(K,304.207).S",KTCVADESAENCDKS,"K.{57.953}[304.207]T(C,57.021)VADESAEN(C,57.021)D(K,304.207).S",True,False
severe_vs_nonsevere,4,"K.[304.207](T,-13.036)(C,57.021)VADESAEN(C,57.021)D(K,304.207).S",KTCVADESAENCDKS,"K.{55.919}[304.207]T(C,57.021)VADESAEN(C,57.021)D(K,304.207).S",True,False
severe_vs_nonsevere,4,"K.[304.207](T,-13.036)(C,57.021)VADESAEN(C,57.021)D(K,304.207).S",KTCVADESAENCDKS,"K.{52.919}[304.207]T(C,57.021)VADESAEN(C,57.021)D(K,304.207).S",True,False
severe_vs_nonsevere,4,"K.[304.207](T,-13.036)(C,57.021)VADESAEN(C,57.021)D(K,304.207).S",KTCVADESAENCDKS,"K.{48.926}[304.207]T(C,57.021)VADESAEN(C,57.021)D(K,304.207).S",True,False
severe_vs_nonsevere,4,"K.[304.207](T,-13.036)(C,57.021)VADESAEN(C,57.021)D(K,304.207).S",KTCVADESAENCDKS,"K.[304.207]T(C,57.021)VADESAE(N,45.479)(C,57.021)D(K,304.207).S",True,False
severe_vs_nonsevere,4,"K.[304.207](T,-13.036)(C,57.021)VADESAEN(C,57.021)D(K,304.207).S",KTCVADESAENCDKS,"K.[304.207]T(C,57.021)VADES(A,44.885)EN(C,57.021)D(K,304.207).S",True,False
severe_vs_nonsevere,4,"K.[304.207](T,-13.036)(C,57.021)VADESAEN(C,57.021)D(K,304.207).S",KTCVADESAENCDKS,"K.{42.968}[304.207]T(C,57.021)VADESAEN(C,57.021)D(K,304.207).S",True,False
severe_vs_nonsevere,4,"K.[304.207](T,-13.036)(C,57.021)VADESAEN(C,57.021)D(K,304.207).S",KTCVADESAENCDKS,"K.{42.011}[304.207]T(C,57.021)VADESAEN(C,57.021)D(K,304.207).S",True,False
severe_vs_nonsevere,4,"K.[304.207](T,-13.036)(C,57.021)VADESAEN(C,57.021)D(K,304.207).S",KTCVADESAENCDKS,"K.[304.207]T(C,57.021)VADESAEN(C,57.021)D(K,344.2299).S",True,False
severe_vs_nonsevere,4,"K.[304.207](T,-13.036)(C,57.021)VADESAEN(C,57.021)D(K,304.207).S",KTCVADESAENCDKS,"K.[304.207]T(C,57.021)VADES(A,35.879)EN(C,57.021)D(K,304.207).S",True,False
severe_vs_nonsevere,4,"K.[304.207](T,-13.036)(C,57.021)VADESAEN(C,57.021)D(K,304.207).S",KTCVADESAENCDKS,"K.{32.999}[304.207]T(C,57.021)VADESAEN(C,57.021)D(K,304.207).S",True,False
severe_vs_nonsevere,4,"K.[304.207](T,-13.036)(C,57.021)VADESAEN(C,57.021)D(K,304.207).S",KTCVADESAENCDKS,"K.{31.997}[304.207]T(C,57.021)VADESAEN(C,57.021)D(K,304.207).S",True,False
severe_vs_nonsevere,4,"K.[304.207](T,-13.036)(C,57.021)VADESAEN(C,57.021)D(K,304.207).S",KTCVADESAENCDKS,"K.{31.010}[304.207]T(C,57.021)VADESAEN(C,57.021)D(K,304.207).S",True,False
severe_vs_nonsevere,4,"K.[304.207](T,-13.036)(C,57.021)VADESAEN(C,57.021)D(K,304.207).S",KTCVADESAENCDKS,"K.{30.011}[304.207]T(C,57.021)VADESAEN(C,57.021)D(K,304.207).S",True,False
severe_vs_nonsevere,4,"K.[304.207](T,-13.036)(C,57.021)VADESAEN(C,57.021)D(K,304.207).S",KTCVADESAENCDKS,"K.{29.027}[304.207]T(C,57.021)VADESAEN(C,57.021)D(K,304.207).S",True,False
severe_vs_nonsevere,4,"K.[304.207](T,-13.036)(C,57.021)VADESAEN(C,57.021)D(K,304.207).S",KTCVADESAENCDKS,"K.{28.040}[304.207]T(C,57.021)VADESAEN(C,57.021)D(K,304.207).S",True,False
severe_vs_nonsevere,4,"K.[304.207](T,-13.036)(C,57.021)VADESAEN(C,57.021)D(K,304.207).S",KTCVADESAENCDKS,"K.[304.207](T,24.998)(C,57.021)VADESAEN(C,57.021)D(K,304.207).S",True,False
severe_vs_nonsevere,4,"K.[304.207](T,-13.036)(C,57.021)VADESAEN(C,57.021)D(K,304.207).S",KTCVADESAENCDKS,"K.[304.207]T(C,57.021)VADESAE(N,22.94)(C,57.021)D(K,304.207).S",True,False
severe_vs_nonsevere,4,"K.[304.207](T,-13.036)(C,57.021)VADESAEN(C,57.021)D(K,304.207).S",KTCVADESAENCDKS,"K.[304.207]T(C,57.021)VADESAE(N,18.008)(C,57.021)D(K,304.207).S",True,False
severe_vs_nonsevere,4,"K.[304.207](T,-13.036)(C,57.021)VADESAEN(C,57.021)D(K,304.207).S",KTCVADESAENCDKS,"K.{17.507}[304.207]T(C,57.021)VADESAEN(C,57.021)D(K,304.207).S",True,False
severe_vs_nonsevere,4,"K.[304.207](T,-13.036)(C,57.021)VADESAEN(C,57.021)D(K,304.207).S",KTCVADESAENCDKS,"K.{17.003}[304.207]T(C,57.021)VADESAEN(C,57.021)D(K,304.207).S",True,False
severe_vs_nonsevere,4,"K.[304.207](T,-13.036)(C,57.021)VADESAEN(C,57.021)D(K,304.207).S",KTCVADESAENCDKS,"K.{15.017}[304.207]T(C,57.021)VADESAEN(C,57.021)D(K,304.207).S",True,False
severe_vs_nonsevere,4,"K.[304.207](T,-13.036)(C,57.021)VADESAEN(C,57.021)D(K,304.207).S",KTCVADESAENCDKS,"K.{14.735}[304.207]T(C,57.021)VADESAEN(C,57.021)D(K,304.207).S",True,False
severe_vs_nonsevere,4,"K.[304.207](T,-13.036)(C,57.021)VADESAEN(C,57.021)D(K,304.207).S",KTCVADESAENCDKS,"K.{13.985}[304.207]T(C,57.021)VADESAEN(C,57.021)D(K,304.207).S",True,False
severe_vs_nonsevere,4,"K.[304.207](T,-13.036)(C,57.021)VADESAEN(C,57.021)D(K,304.207).S",KTCVADESAENCDKS,"K.[304.207](T,12.038)(C,57.021)VADESAEN(C,57.021)D(K,304.207).S",True,False
severe_vs_nonsevere,4,"K.[304.207](T,-13.036)(C,57.021)VADESAEN(C,57.021)D(K,304.207).S",KTCVADESAENCDKS,"K.{10.958}[304.207]T(C,57.021)VADESAEN(C,57.021)D(K,304.207).S",True,False
severe_vs_nonsevere,4,"K.[304.207](T,-13.036)(C,57.021)VADESAEN(C,57.021)D(K,304.207).S",KTCVADESAENCDKS,"K.[304.207]T(C,57.021)VAD(E,10.001)SAEN(C,57.021)D(K,304.207).S",True,False
severe_vs_nonsevere,4,"K.[304.207](T,-13.036)(C,57.021)VADESAEN(C,57.021)D(K,304.207).S",KTCVADESAENCDKS,"K.[304.207]T(C,57.021)VADES(A,4.154)EN(C,57.021)D(K,304.207).S",True,False
severe_vs_nonsevere,4,"K.[304.207](T,-13.036)(C,57.021)VADESAEN(C,57.021)D(K,304.207).S",KTCVADESAENCDKS,"K.[304.207]T(C,43.01)VADESAEN(C,57.021)D(K,304.207).S",True,False
severe_vs_nonsevere,4,"K.[304.207](T,-13.036)(C,57.021)VADESAEN(C,57.021)D(K,304.207).S",KTCVADESAENCDKS,"K.[304.207]T(C,57.021)VADESAE(N,-14.614)(C,57.021)D(K,304.207).S",True,False
severe_vs_nonsevere,4,"K.[304.207](T,-13.036)(C,57.021)VADESAEN(C,57.021)D(K,304.207).S",KTCVADESAENCDKS,"K.[304.207]T(C,57.021)VADESAEN(C,40.061)D(K,304.207).S",True,False
severe_vs_nonsevere,4,"K.[304.207](T,-13.036)(C,57.021)VADESAEN(C,57.021)D(K,304.207).S",KTCVADESAENCDKS,"K.[304.207]T(C,57.021)VADESAE(N,-25.027)(C,57.021)D(K,304.207).S",True,False
severe_vs_nonsevere,4,"K.[304.207](T,-13.036)(C,57.021)VADESAEN(C,57.021)D(K,304.207).S",KTCVADESAENCDKS,"K.[304.207](T,-27.058)(C,57.021)VADESAEN(C,57.021)D(K,304.207).S",True,False
severe_vs_nonsevere,4,"K.[304.207](T,-13.036)(C,57.021)VADESAEN(C,57.021)D(K,304.207).S",KTCVADESAENCDKS,"K.[304.207]T(C,57.021)VADESAE(N,-32.005)(C,57.021)D(K,304.207).S",True,False
severe_vs_nonsevere,4,"K.[304.207](T,-13.036)(C,57.021)VADESAEN(C,57.021)D(K,304.207).S",KTCVADESAENCDKS,"K.[304.207]T(C,24.035)VADESAEN(C,57.021)D(K,304.207).S",True,False
severe_vs_nonsevere,4,"K.[304.207](T,-13.036)(C,57.021)VADESAEN(C,57.021)D(K,304.207).S",KTCVADESAENCDKS,"K.[304.207]T(C,57.021)VADESA(E,-33.544)N(C,57.021)D(K,304.207).S",True,False
severe_vs_nonsevere,4,"K.[304.207](T,-13.036)(C,57.021)VADESAEN(C,57.021)D(K,304.207).S",KTCVADESAENCDKS,"K.[304.207]T(C,57.021)VADESA(E,-43.036)N(C,57.021)D(K,304.207).S",True,False
severe_vs_nonsevere,4,"K.[304.207](T,-13.036)(C,57.021)VADESAEN(C,57.021)D(K,304.207).S",KTCVADESAENCDKS,"K.[304.207]T(C,13.01)VADESAEN(C,57.021)D(K,304.207).S",True,False
severe_vs_nonsevere,4,"K.[304.207](T,-13.036)(C,57.021)VADESAEN(C,57.021)D(K,304.207).S",KTCVADESAENCDKS,"K.[304.207]T(C,57.021)VADESA(E,-45.034)N(C,57.021)D(K,304.207).S",True,False
severe_vs_nonsevere,4,"K.[304.207](T,-13.036)(C,57.021)VADESAEN(C,57.021)D(K,304.207).S",KTCVADESAENCDKS,"K.[304.207]T(C,57.021)VADESAEN(C,-2.02)D(K,304.207).S",True,False
severe_vs_nonsevere,4,"K.[304.207](T,-13.036)(C,57.021)VADESAEN(C,57.021)D(K,304.207).S",KTCVADESAENCDKS,"K.[304.207]T(C,57.021)VADESA(E,-61.354)N(C,57.021)D(K,304.207).S",True,False
severe_vs_nonsevere,4,"K.[304.207](T,-13.036)(C,57.021)VADESAEN(C,57.021)D(K,304.207).S",KTCVADESAENCDKS,"K.[304.207]T(C,57.021)VADESA(E,-61.579)N(C,57.021)D(K,304.207).S",True,False
severe_vs_nonsevere,4,"K.[304.207](T,-13.036)(C,57.021)VADESAEN(C,57.021)D(K,304.207).S",KTCVADESAENCDKS,"K.[304.207]T(C,57.021)VADESA(E,-62.029)N(C,57.021)D(K,304.207).S",True,False
severe_vs_nonsevere,4,"K.[304.207](T,-13.036)(C,57.021)VADESAEN(C,57.021)D(K,304.207).S",KTCVADESAENCDKS,"K.[233.175]T(C,57.021)VADESAEN(C,57.021)D(K,304.207).S",True,False
severe_vs_nonsevere,4,"K.[304.207](T,-13.036)(C,57.021)VADESAEN(C,57.021)D(K,304.207).S",KTCVADESAENCDKS,"K.[304.207]T(C,57.021)VADESAEN(C,-16.96)D(K,304.207).S",True,False
severe_vs_nonsevere,4,"K.[304.207](T,-13.036)(C,57.021)VADESAEN(C,57.021)D(K,304.207).S",KTCVADESAENCDKS,"K.[229.170]T(C,57.021)VADESAEN(C,57.021)D(K,304.207).S",True,False
severe_vs_nonsevere,4,"K.[304.207](T,-13.036)(C,57.021)VADESAEN(C,57.021)D(K,304.207).S",KTCVADESAENCDKS,"K.[304.207]T(C,57.021)VADESAEN(C,-18.613)D(K,304.207).S",True,False
severe_vs_nonsevere,4,"K.[304.207](T,-13.036)(C,57.021)VADESAEN(C,57.021)D(K,304.207).S",KTCVADESAENCDKS,"K.[304.207]T(C,57.021)VADESAEN(C,-20.044)D(K,304.207).S",True,False
severe_vs_nonsevere,4,"K.[304.207](T,-13.036)(C,57.021)VADESAEN(C,57.021)D(K,304.207).S",KTCVADESAENCDKS,"K.[304.207]T(C,57.021)VADESAEN(C,-20.992)D(K,304.207).S",True,False
severe_vs_nonsevere,4,"K.[304.207](T,-13.036)(C,57.021)VADESAEN(C,57.021)D(K,304.207).S",KTCVADESAENCDKS,"K.[304.207]T(C,57.021)VADESAEN(C,-32.977)D(K,304.207).S",True,False
severe_vs_nonsevere,4,"K.[304.207](T,-13.036)(C,57.021)VADESAEN(C,57.021)D(K,304.207).S",KTCVADESAENCDKS,"K.[304.207]T(C,57.021)VADESAEN(C,-34.936)D(K,304.207).S",True,False
severe_vs_nonsevere,4,"K.[304.207](T,-13.036)(C,57.021)VADESAEN(C,57.021)D(K,304.207).S",KTCVADESAENCDKS,"K.[304.207]T(C,57.021)VADESAEN(C,57.021)D(K,199.185).S",True,False
severe_vs_nonsevere,4,"K.[304.207](T,-13.036)(C,57.021)VADESAEN(C,57.021)D(K,304.207).S",KTCVADESAENCDKS,"K.[304.207]T(C,57.021)VADESAEN(C,57.021)D(K,196.17).S",True,False
severe_vs_nonsevere,4,"K.[304.207](T,-13.036)(C,57.021)VADESAEN(C,57.021)D(K,304.207).S",KTCVADESAENCDKS,"K.[304.207]T(C,57.021)VADESAEN(C,57.021)D(K,195.177).S",True,False
severe_vs_nonsevere,4,"K.[304.207](T,-13.036)(C,57.021)VADESAEN(C,57.021)D(K,304.207).S",KTCVADESAENCDKS,"K.[304.207](T,291.174)(C,57.021)VADESAEN(C,57.021)D(K,304.207).S",True,False
severe_vs_nonsevere,4,"K.[304.207](T,-13.036)(C,57.021)VADESAEN(C,57.021)D(K,304.207).S",KTCVADESAENCDKS,"K.[304.207]T(C,57.021)VADE(S,287.182)AEN(C,57.021)D(K,304.207).S",True,False
severe_vs_nonsevere,4,"K.[304.207](T,-13.036)(C,57.021)VADESAEN(C,57.021)D(K,304.207).S",KTCVADESAENCDKS,"K.[304.207]T(C,57.021)VADE(S,131.11)AEN(C,57.021)D(K,304.207).S",True,False
severe_vs_nonsevere,4,"K.[304.207](T,-13.036)(C,57.021)VADESAEN(C,57.021)D(K,304.207).S",KTCVADESAENCDKS,"K.[304.207]T(C,57.021)VAD(E,63.922)SAEN(C,57.021)D(K,304.207).S",True,False
severe_vs_nonsevere,4,"K.[304.207](T,-13.036)(C,57.021)VADESAEN(C,57.021)D(K,304.207).S",KTCVADESAENCDKS,"K.[304.207]T(C,57.021)VAD(E,60.913)SAEN(C,57.021)D(K,304.207).S",True,False
severe_vs_nonsevere,4,"K.[304.207](T,-13.036)(C,57.021)VADESAEN(C,57.021)D(K,304.207).S",KTCVADESAENCDKS,"K.[304.207]T(C,57.021)VAD(E,58.962)SAEN(C,57.021)D(K,304.207).S",True,False
severe_vs_nonsevere,4,"K.[304.207](T,-13.036)(C,57.021)VADESAEN(C,57.021)D(K,304.207).S",KTCVADESAENCDKS,"K.[304.207]T(C,57.021)VAD(E,57.922)SAEN(C,57.021)D(K,304.207).S",True,False
severe_vs_nonsevere,4,"K.[304.207](T,-13.036)(C,57.021)VADESAEN(C,57.021)D(K,304.207).S",KTCVADESAENCDKS,"K.{56.934}[304.207]T(C,57.021)VADESAEN(C,57.021)D(K,304.207).S",True,False
severe_vs_nonsevere,4,"K.[304.207](T,-13.036)(C,57.021)VADESAEN(C,57.021)D(K,304.207).S",KTCVADESAENCDKS,"K.{54.913}[304.207]T(C,57.021)VADESAEN(C,57.021)D(K,304.207).S",True,False
severe_vs_nonsevere,4,"K.[304.207](T,-13.036)(C,57.021)VADESAEN(C,57.021)D(K,304.207).S",KTCVADESAENCDKS,"K.[304.207]T(C,57.021)VAD(E,52.917)SAEN(C,57.021)D(K,304.207).S",True,False
severe_vs_nonsevere,4,"K.[304.207](T,-13.036)(C,57.021)VADESAEN(C,57.021)D(K,304.207).S",KTCVADESAENCDKS,"K.[304.207]T(C,57.021)VADE(S,21.977)AEN(C,57.021)D(K,304.207).S",True,False
severe_vs_nonsevere,4,"K.[304.207](T,-13.036)(C,57.021)VADESAEN(C,57.021)D(K,304.207).S",KTCVADESAENCDKS,"K.[304.207]T(C,57.021)VADE(S,18.977)AEN(C,57.021)D(K,304.207).S",True,False
severe_vs_nonsevere,4,"K.[304.207](T,-13.036)(C,57.021)VADESAEN(C,57.021)D(K,304.207).S",KTCVADESAENCDKS,"K.{18.014}[304.207]T(C,57.021)VADESAEN(C,57.021)D(K,304.207).S",True,False
severe_vs_nonsevere,4,"K.[304.207](T,-13.036)(C,57.021)VADESAEN(C,57.021)D(K,304.207).S",KTCVADESAENCDKS,"K.[304.207]T(C,57.021)VAD(E,15.049)SAEN(C,57.021)D(K,304.207).S",True,False
severe_vs_nonsevere,4,"K.[304.207](T,-13.036)(C,57.021)VADESAEN(C,57.021)D(K,304.207).S",KTCVADESAENCDKS,"K.{13.002}[304.207]T(C,57.021)VADESAEN(C,57.021)D(K,304.207).S",True,False
severe_vs_nonsevere,4,"K.[304.207](T,-13.036)(C,57.021)VADESAEN(C,57.021)D(K,304.207).S",KTCVADESAENCDKS,"K.[304.207](T,-2.011)(C,57.021)VADESAEN(C,57.021)D(K,304.207).S",True,False
severe_vs_nonsevere,4,"K.[304.207](T,-13.036)(C,57.021)VADESAEN(C,57.021)D(K,304.207).S",KTCVADESAENCDKS,"K.[304.207]T(C,57.021)VADESA(E,-16.023)N(C,57.021)D(K,304.207).S",True,False
severe_vs_nonsevere,4,"K.[304.207](T,-13.036)(C,57.021)VADESAEN(C,57.021)D(K,304.207).S",KTCVADESAENCDKS,"K.[304.207]T(C,57.021)VADESAEN(C,57.021)(D,-18.018)(K,304.207).S",True,False
severe_vs_nonsevere,4,"K.[304.207](T,-13.036)(C,57.021)VADESAEN(C,57.021)D(K,304.207).S",KTCVADESAENCDKS,"K.[304.207]T(C,57.021)VADESA(E,-51.786)N(C,57.021)D(K,304.207).S",True,False
severe_vs_nonsevere,4,"K.[304.207](T,-13.036)(C,57.021)VADESAEN(C,57.021)D(K,304.207).S",KTCVADESAENCDKS,"K.[304.207]T(C,57.021)VADESAEN(C,-33.993)D(K,304.207).S",True,False
severe_vs_nonsevere,4,"K.[304.207](T,-13.036)(C,57.021)VADESAEN(C,57.021)D(K,304.207).S",KTCVADESAENCDKS,"K.[304.207]T(C,157.044)VADESAEN(C,57.021)D(K,304.207).S",True,False
severe_vs_nonsevere,4,"K.[304.207](T,-13.036)(C,57.021)VADESAEN(C,57.021)D(K,304.207).S",KTCVADESAENCDKS,"K.{79.972}[304.207]T(C,57.021)VADESAEN(C,57.021)D(K,304.207).S",True,False
severe_vs_nonsevere,4,"K.[304.207](T,-13.036)(C,57.021)VADESAEN(C,57.021)D(K,304.207).S",KTCVADESAENCDKS,"K.{68.910}[304.207]T(C,57.021)VADESAEN(C,57.021)D(K,304.207).S",True,False
severe_vs_nonsevere,4,"K.[304.207](T,-13.036)(C,57.021)VADESAEN(C,57.021)D(K,304.207).S",KTCVADESAENCDKS,"K.[304.207]T(C,57.021)VADESAEN(C,57.021)D(K,361.231).S",True,False
severe_vs_nonsevere,4,"K.[304.207](T,-13.036)(C,57.021)VADESAEN(C,57.021)D(K,304.207).S",KTCVADESAENCDKS,"K.[304.207]T(C,57.021)VADESAEN(C,57.021)D(K,347.1999).S",True,False
severe_vs_nonsevere,4,"K.[304.207](T,-13.036)(C,57.021)VADESAEN(C,57.021)D(K,304.207).S",KTCVADESAENCDKS,"K.[304.207]T(C,57.021)VADE(S,37.95)AEN(C,57.021)D(K,304.207).S",True,False
severe_vs_nonsevere,4,"K.[304.207](T,-13.036)(C,57.021)VADESAEN(C,57.021)D(K,304.207).S",KTCVADESAENCDKS,"K.[304.207](T,31.01)(C,57.021)VADESAEN(C,57.021)D(K,304.207).S",True,False
severe_vs_nonsevere,4,"K.[304.207](T,-13.036)(C,57.021)VADESAEN(C,57.021)D(K,304.207).S",KTCVADESAENCDKS,"K.{22.940}[304.207]T(C,57.021)VADESAEN(C,57.021)D(K,304.207).S",True,False
severe_vs_nonsevere,4,"K.[304.207](T,-13.036)(C,57.021)VADESAEN(C,57.021)D(K,304.207).S",KTCVADESAENCDKS,"K.[304.207]T(C,73.022)VADESAEN(C,57.021)D(K,304.207).S",True,False
severe_vs_nonsevere,4,"K.[304.207](T,-13.036)(C,57.021)VADESAEN(C,57.021)D(K,304.207).S",KTCVADESAENCDKS,"K.{15.998}[304.207]T(C,57.021)VADESAEN(C,57.021)D(K,304.207).S",True,False
severe_vs_nonsevere,4,"K.[304.207](T,-13.036)(C,57.021)VADESAEN(C,57.021)D(K,304.207).S",KTCVADESAENCDKS,"K.[304.207]T(C,72.024)VADESAEN(C,57.021)D(K,304.207).S",True,False
severe_vs_nonsevere,4,"K.[304.207](T,-13.036)(C,57.021)VADESAEN(C,57.021)D(K,304.207).S",KTCVADESAENCDKS,"K.[304.207](T,13.986)(C,57.021)VADESAEN(C,57.021)D(K,304.207).S",True,False
severe_vs_nonsevere,4,"K.[304.207](T,-13.036)(C,57.021)VADESAEN(C,57.021)D(K,304.207).S",KTCVADESAENCDKS,"K.{6.946}[304.207]T(C,57.021)VADESAEN(C,57.021)D(K,304.207).S",True,False
severe_vs_nonsevere,4,"K.[304.207](T,-13.036)(C,57.021)VADESAEN(C,57.021)D(K,304.207).S",KTCVADESAENCDKS,"K.{4.928}[304.207]T(C,57.021)VADESAEN(C,57.021)D(K,304.207).S",True,False
severe_vs_nonsevere,4,"K.[304.207](T,-13.036)(C,57.021)VADESAEN(C,57.021)D(K,304.207).S",KTCVADESAENCDKS,"K.[304.207]T(C,57.021)VADESAEN(C,47.988)D(K,304.207).S",True,False
severe_vs_nonsevere,4,"K.[304.207](T,-13.036)(C,57.021)VADESAEN(C,57.021)D(K,304.207).S",KTCVADESAENCDKS,"K.[304.207](T,-13.036)(C,57.021)VADESAEN(C,57.021)D(K,304.207).S",True,True
severe_vs_nonsevere,4,"K.[304.207](T,-13.036)(C,57.021)VADESAEN(C,57.021)D(K,304.207).S",KTCVADESAENCDKS,"K.[304.207]T(C,57.021)VADESAE(N,-17.02)(C,57.021)D(K,304.207).S",True,False
severe_vs_nonsevere,4,"K.[304.207](T,-13.036)(C,57.021)VADESAEN(C,57.021)D(K,304.207).S",KTCVADESAENCDKS,"K.[304.207]T(C,14.953)VADESAEN(C,57.021)D(K,304.207).S",True,False
severe_vs_nonsevere,4,"K.[304.207](T,-13.036)(C,57.021)VADESAEN(C,57.021)D(K,304.207).S",KTCVADESAENCDKS,"K.[304.207]T(C,57.021)VADESAEN(C,57.021)D(K,247.143).S",True,False
severe_vs_nonsevere,4,"K.[304.207](T,-13.036)(C,57.021)VADESAEN(C,57.021)D(K,304.207).S",KTCVADESAENCDKS,"K.[304.207]T(C,57.021)VADESAEN(C,-2.056)D(K,304.207).S",True,False
severe_vs_nonsevere,4,"K.[304.207](T,-13.036)(C,57.021)VADESAEN(C,57.021)D(K,304.207).S",KTCVADESAENCDKS,"K.[304.207]T(C,-3.039)VADESAEN(C,57.021)D(K,304.207).S",True,False
severe_vs_nonsevere,4,"K.[304.207](T,-13.036)(C,57.021)VADESAEN(C,57.021)D(K,304.207).S",KTCVADESAENCDKS,"K.[304.207]T(C,-15.972)VADESAEN(C,57.021)D(K,304.207).S",True,False
severe_vs_nonsevere,4,"K.[304.207](T,-13.036)(C,57.021)VADESAEN(C,57.021)D(K,304.207).S",KTCVADESAENCDKS,"K.[304.207]T(C,-31.972)VADESAEN(C,57.021)D(K,304.207).S",True,False
severe_vs_nonsevere,4,"K.[304.207](T,-13.036)(C,57.021)VADESAEN(C,57.021)D(K,304.207).S",KTCVADESAENCDKS,"K.[304.207]T(C,-33.526)VADESAEN(C,57.021)D(K,304.207).S",True,False
severe_vs_nonsevere,4,"K.[304.207](T,-13.036)(C,57.021)VADESAEN(C,57.021)D(K,304.207).S",KTCVADESAENCDKS,"K.[304.207]T(C,57.021)VADESAEN(C,-34.982)D(K,304.207).S",True,False
severe_vs_nonsevere,5,"K.[304.207](V,290.171)DNALQSGNSQESVTEQDS(K,304.207).D",KVDNALQSGNSQESVTEQDSKD,"K.[304.207]VDNALQSG(N,0.984)SQESVTEQDS(K,304.207).D",True,False
severe_vs_nonsevere,5,"K.[304.207](V,290.171)DNALQSGNSQESVTEQDS(K,304.207).D",KVDNALQSGNSQESVTEQDSKD,"K.[304.207]VDNALQSGNSQESVTEQDS(K,304.207).D",True,False
severe_vs_nonsevere,5,"K.[304.207](V,290.171)DNALQSGNSQESVTEQDS(K,304.207).D",KVDNALQSGNSQESVTEQDSKD,"K.[304.207]VDNALQSGNSQE(S,341.155)VTEQDS(K,304.207).D",True,False
severe_vs_nonsevere,5,"K.[304.207](V,290.171)DNALQSGNSQESVTEQDS(K,304.207).D",KVDNALQSGNSQESVTEQDSKD,"K.[304.207]VDNALQSGNSQE(S,338.147)VTEQDS(K,304.207).D",True,False
severe_vs_nonsevere,5,"K.[304.207](V,290.171)DNALQSGNSQESVTEQDS(K,304.207).D",KVDNALQSGNSQESVTEQDSKD,"K.[304.207]VDNAL(Q,325.191)SGNSQESVTEQDS(K,304.207).D",True,False
severe_vs_nonsevere,5,"K.[304.207](V,290.171)DNALQSGNSQESVTEQDS(K,304.207).D",KVDNALQSGNSQESVTEQDSKD,"K.[304.207]VDNALQSGNS(Q,320.219)ESVTEQDS(K,304.207).D",True,False
severe_vs_nonsevere,5,"K.[304.207](V,290.171)DNALQSGNSQESVTEQDS(K,304.207).D",KVDNALQSGNSQESVTEQDSKD,"K.[304.207]VDNALQSGN(S,319.203)QESVTEQDS(K,304.207).D",True,False
severe_vs_nonsevere,5,"K.[304.207](V,290.171)DNALQSGNSQESVTEQDS(K,304.207).D",KVDNALQSGNSQESVTEQDSKD,"K.[304.207]VDNALQSGNS(Q,305.199)ESVTEQDS(K,304.207).D",True,False
severe_vs_nonsevere,5,"K.[304.207](V,290.171)DNALQSGNSQESVTEQDS(K,304.207).D",KVDNALQSGNSQESVTEQDSKD,"K.[304.207]VDNALQSGNSQE(S,304.203)VTEQDS(K,304.207).D",True,False
severe_vs_nonsevere,5,"K.[304.207](V,290.171)DNALQSGNSQESVTEQDS(K,304.207).D",KVDNALQSGNSQESVTEQDSKD,"K.[304.207]VDNALQSGNSQE(S,304.183)VTEQDS(K,304.207).D",True,False
severe_vs_nonsevere,5,"K.[304.207](V,290.171)DNALQSGNSQESVTEQDS(K,304.207).D",KVDNALQSGNSQESVTEQDSKD,"K.{303.211}[304.207]VDNALQSGNSQESVTEQDS(K,304.207).D",True,False
severe_vs_nonsevere,5,"K.[304.207](V,290.171)DNALQSGNSQESVTEQDS(K,304.207).D",KVDNALQSGNSQESVTEQDSKD,"K.[304.207]VDNALQS(G,303.211)NSQESVTEQDS(K,304.207).D",True,False
severe_vs_nonsevere,5,"K.[304.207](V,290.171)DNALQSGNSQESVTEQDS(K,304.207).D",KVDNALQSGNSQESVTEQDSKD,"K.{296.075}[304.207]VDNALQSGNSQESVTEQDS(K,304.207).D",True,False
severe_vs_nonsevere,5,"K.[304.207](V,290.171)DNALQSGNSQESVTEQDS(K,304.207).D",KVDNALQSGNSQESVTEQDSKD,"K.[304.207]VDNALQS(G,292.819)NSQESVTEQDS(K,304.207).D",True,False
severe_vs_nonsevere,5,"K.[304.207](V,290.171)DNALQSGNSQESVTEQDS(K,304.207).D",KVDNALQSGNSQESVTEQDSKD,"K.[304.207]VDNALQSG(N,292.571)SQESVTEQDS(K,304.207).D",True,False
severe_vs_nonsevere,5,"K.[304.207](V,290.171)DNALQSGNSQESVTEQDS(K,304.207).D",KVDNALQSGNSQESVTEQDSKD,"K.[304.207](V,290.171)DNALQSGNSQESVTEQDS(K,304.207).D",True,True
severe_vs_nonsevere,5,"K.[304.207](V,290.171)DNALQSGNSQESVTEQDS(K,304.207).D",KVDNALQSGNSQESVTEQDSKD,"K.[304.207]VDNALQSGN(S,286.191)QESVTEQDS(K,304.207).D",True,False
severe_vs_nonsevere,5,"K.[304.207](V,290.171)DNALQSGNSQESVTEQDS(K,304.207).D",KVDNALQSGNSQESVTEQDSKD,"K.[304.207](V,156.107)DNALQSGNSQESVTEQDS(K,304.207).D",True,False
severe_vs_nonsevere,5,"K.[304.207](V,290.171)DNALQSGNSQESVTEQDS(K,304.207).D",KVDNALQSGNSQESVTEQDSKD,"K.[304.207]VDNALQSGNS(Q,152.935)ESVTEQDS(K,304.207).D",True,False
severe_vs_nonsevere,5,"K.[304.207](V,290.171)DNALQSGNSQESVTEQDS(K,304.207).D",KVDNALQSGNSQESVTEQDSKD,"K.[304.207]VDNALQ(S,151.939)GNSQESVTEQDS(K,304.207).D",True,False
severe_vs_nonsevere,5,"K.[304.207](V,290.171)DNALQSGNSQESVTEQDS(K,304.207).D",KVDNALQSGNSQESVTEQDSKD,"K.[304.207]VDNALQ(S,136.999)GNSQESVTEQDS(K,304.207).D",True,False
severe_vs_nonsevere,5,"K.[304.207](V,290.171)DNALQSGNSQESVTEQDS(K,304.207).D",KVDNALQSGNSQESVTEQDSKD,"K.[304.207]VDNALQSG(N,122.135)SQESVTEQDS(K,304.207).D",True,False
severe_vs_nonsevere,5,"K.[304.207](V,290.171)DNALQSGNSQESVTEQDS(K,304.207).D",KVDNALQSGNSQESVTEQDSKD,"K.[304.207]VDNALQSGNSQ(E,100.027)SVTEQDS(K,304.207).D",True,False
severe_vs_nonsevere,5,"K.[304.207](V,290.171)DNALQSGNSQESVTEQDS(K,304.207).D",KVDNALQSGNSQESVTEQDSKD,"K.[304.207]VDNALQSG(N,99.127)SQESVTEQDS(K,304.207).D",True,False
severe_vs_nonsevere,5,"K.[304.207](V,290.171)DNALQSGNSQESVTEQDS(K,304.207).D",KVDNALQSGNSQESVTEQDSKD,"K.[304.207]VDNALQ(S,82.015)GNSQESVTEQDS(K,304.207).D",True,False
severe_vs_nonsevere,5,"K.[304.207](V,290.171)DNALQSGNSQESVTEQDS(K,304.207).D",KVDNALQSGNSQESVTEQDSKD,"K.[304.207]VDNALQS(G,81.011)NSQESVTEQDS(K,304.207).D",True,False
severe_vs_nonsevere,5,"K.[304.207](V,290.171)DNALQSGNSQESVTEQDS(K,304.207).D",KVDNALQSGNSQESVTEQDSKD,"K.[304.207]VDNALQ(S,68.963)GNSQESVTEQDS(K,304.207).D",True,False
severe_vs_nonsevere,5,"K.[304.207](V,290.171)DNALQSGNSQESVTEQDS(K,304.207).D",KVDNALQSGNSQESVTEQDSKD,"K.[304.207]VDNALQSG(N,67.927)SQESVTEQDS(K,304.207).D",True,False
severe_vs_nonsevere,5,"K.[304.207](V,290.171)DNALQSGNSQESVTEQDS(K,304.207).D",KVDNALQSGNSQESVTEQDSKD,"K.[304.207]VDNALQ(S,66.995)GNSQESVTEQDS(K,304.207).D",True,False
severe_vs_nonsevere,5,"K.[304.207](V,290.171)DNALQSGNSQESVTEQDS(K,304.207).D",KVDNALQSGNSQESVTEQDSKD,"K.[304.207]VDNALQSGN(S,63.919)QESVTEQDS(K,304.207).D",True,False
severe_vs_nonsevere,5,"K.[304.207](V,290.171)DNALQSGNSQESVTEQDS(K,304.207).D",KVDNALQSGNSQESVTEQDSKD,"K.[304.207]VDNALQSG(N,58.959)SQESVTEQDS(K,304.207).D",True,False
severe_vs_nonsevere,5,"K.[304.207](V,290.171)DNALQSGNSQESVTEQDS(K,304.207).D",KVDNALQSGNSQESVTEQDSKD,"K.[304.207]VDNALQSG(N,53.899)SQESVTEQDS(K,304.207).D",True,False
severe_vs_nonsevere,5,"K.[304.207](V,290.171)DNALQSGNSQESVTEQDS(K,304.207).D",KVDNALQSGNSQESVTEQDSKD,"K.[304.207]VDNALQS(G,52.915)NSQESVTEQDS(K,304.207).D",True,False
severe_vs_nonsevere,5,"K.[304.207](V,290.171)DNALQSGNSQESVTEQDS(K,304.207).D",KVDNALQSGNSQESVTEQDSKD,"K.[304.207]VDNALQ(S,51.191)GNSQESVTEQDS(K,304.207).D",True,False
severe_vs_nonsevere,5,"K.[304.207](V,290.171)DNALQSGNSQESVTEQDS(K,304.207).D",KVDNALQSGNSQESVTEQDSKD,"K.[304.207]VDNALQ(S,48.911)GNSQESVTEQDS(K,304.207).D",True,False
severe_vs_nonsevere,5,"K.[304.207](V,290.171)DNALQSGNSQESVTEQDS(K,304.207).D",KVDNALQSGNSQESVTEQDSKD,"K.[304.207]VDNALQSG(N,44.011)SQESVTEQDS(K,304.207).D",True,False
severe_vs_nonsevere,5,"K.[304.207](V,290.171)DNALQSGNSQESVTEQDS(K,304.207).D",KVDNALQSGNSQESVTEQDSKD,"K.[304.207]VDNALQSGNSQ(E,42.967)SVTEQDS(K,304.207).D",True,False
severe_vs_nonsevere,5,"K.[304.207](V,290.171)DNALQSGNSQESVTEQDS(K,304.207).D",KVDNALQSGNSQESVTEQDSKD,"K.[304.207]VDNALQSG(N,38.935)SQESVTEQDS(K,304.207).D",True,False
severe_vs_nonsevere,5,"K.[304.207](V,290.171)DNALQSGNSQESVTEQDS(K,304.207).D",KVDNALQSGNSQESVTEQDSKD,"K.[304.207]VDNALQSGNSQE(S,36.951)VTEQDS(K,304.207).D",True,False
severe_vs_nonsevere,5,"K.[304.207](V,290.171)DNALQSGNSQESVTEQDS(K,304.207).D",KVDNALQSGNSQESVTEQDSKD,"K.[304.207]VDNALQSG(N,33.027)SQESVTEQDS(K,304.207).D",True,False
severe_vs_nonsevere,5,"K.[304.207](V,290.171)DNALQSGNSQESVTEQDS(K,304.207).D",KVDNALQSGNSQESVTEQDSKD,"K.[304.207]VDNALQSGNSQESVTEQ(D,27.019)S(K,304.207).D",True,False
severe_vs_nonsevere,5,"K.[304.207](V,290.171)DNALQSGNSQESVTEQDS(K,304.207).D",KVDNALQSGNSQESVTEQDSKD,"K.[304.207]VDNALQSGNSQESVTEQD(S,26.059)(K,304.207).D",True,False
severe_vs_nonsevere,5,"K.[304.207](V,290.171)DNALQSGNSQESVTEQDS(K,304.207).D",KVDNALQSGNSQESVTEQDSKD,"K.[304.207]VDNALQSGNSQ(E,21.979)SVTEQDS(K,304.207).D",True,False
severe_vs_nonsevere,5,"K.[304.207](V,290.171)DNALQSGNSQESVTEQDS(K,304.207).D",KVDNALQSGNSQESVTEQDSKD,"K.[304.207]VDNALQSG(N,18.015)SQESVTEQDS(K,304.207).D",True,False
severe_vs_nonsevere,5,"K.[304.207](V,290.171)DNALQSGNSQESVTEQDS(K,304.207).D",KVDNALQSGNSQESVTEQDSKD,"K.{17.019}[304.207]VDNALQSGNSQESVTEQDS(K,304.207).D",True,False
severe_vs_nonsevere,5,"K.[304.207](V,290.171)DNALQSGNSQESVTEQDS(K,304.207).D",KVDNALQSGNSQESVTEQDSKD,"K.[304.207]VDNALQSGNSQESVTEQDS(K,320.206).D",True,False
severe_vs_nonsevere,5,"K.[304.207](V,290.171)DNALQSGNSQESVTEQDS(K,304.207).D",KVDNALQSGNSQESVTEQDSKD,"K.[304.207]VD(N,15.015)ALQSGNSQESVTEQDS(K,304.207).D",True,False
severe_vs_nonsevere,5,"K.[304.207](V,290.171)DNALQSGNSQESVTEQDS(K,304.207).D",KVDNALQSGNSQESVTEQDSKD,"K.[304.207](V,14.015)DNALQSGNSQESVTEQDS(K,304.207).D",True,False
severe_vs_nonsevere,5,"K.[304.207](V,290.171)DNALQSGNSQESVTEQDS(K,304.207).D",KVDNALQSGNSQESVTEQDSKD,"K.{14.019}[304.207]VDNALQSGNSQESVTEQDS(K,304.207).D",True,False
severe_vs_nonsevere,5,"K.[304.207](V,290.171)DNALQSGNSQESVTEQDS(K,304.207).D",KVDNALQSGNSQESVTEQDSKD,"K.[304.207]VDNALQSGNSQESVTE(Q,-18.013)DS(K,304.207).D",True,False
severe_vs_nonsevere,5,"K.[304.207](V,290.171)DNALQSGNSQESVTEQDS(K,304.207).D",KVDNALQSGNSQESVTEQDSKD,"K.[304.207]VDNALQSGNSQESVTE(Q,-35.029)DS(K,304.207).D",True,False
severe_vs_nonsevere,5,"K.[304.207](V,290.171)DNALQSGNSQESVTEQDS(K,304.207).D",KVDNALQSGNSQESVTEQDSKD,"K.[304.207]VDNALQSGNS(Q,-62.737)ESVTEQDS(K,304.207).D",True,False
severe_vs_nonsevere,5,"K.[304.207](V,290.171)DNALQSGNSQESVTEQDS(K,304.207).D",KVDNALQSGNSQESVTEQDSKD,"K.[304.207]VDNALQ(S,300.202)GNSQESVTEQDS(K,304.207).D",True,False
severe_vs_nonsevere,5,"K.[304.207](V,290.171)DNALQSGNSQESVTEQDS(K,304.207).D",KVDNALQSGNSQESVTEQDSKD,"K.{20.980}[304.207]VDNALQSGNSQESVTEQDS(K,304.207).D",True,False
severe_vs_nonsevere,5,"K.[304.207](V,290.171)DNALQSGNSQESVTEQDS(K,304.207).D",KVDNALQSGNSQESVTEQDSKD,"K.[304.207]VDNALQSGNSQESVTEQDS(K,208.656).D",True,False
severe_vs_nonsevere,5,"K.[304.207](V,290.171)DNALQSGNSQESVTEQDS(K,304.207).D",KVDNALQSGNSQESVTEQDSKD,"K.[304.207]VDNALQSGNS(Q,339.874)ESVTEQDS(K,304.207).D",True,False
severe_vs_nonsevere,5,"K.[304.207](V,290.171)DNALQSGNSQESVTEQDS(K,304.207).D",KVDNALQSGNSQESVTEQDSKD,"K.[304.207]VDNALQSGNSQE(S,338.067)VTEQDS(K,304.207).D",True,False
severe_vs_nonsevere,5,"K.[304.207](V,290.171)DNALQSGNSQESVTEQDS(K,304.207).D",KVDNALQSGNSQESVTEQDSKD,"K.[304.207]VDNALQ(S,326.191)GNSQESVTEQDS(K,304.207).D",True,False
severe_vs_nonsevere,5,"K.[304.207](V,290.171)DNALQSGNSQESVTEQDS(K,304.207).D",KVDNALQSGNSQESVTEQDSKD,"K.[304.207]VDNALQS(G,301.186)NSQESVTEQDS(K,304.207).D",True,False
severe_vs_nonsevere,5,"K.[304.207](V,290.171)DNALQSGNSQESVTEQDS(K,304.207).D",KVDNALQSGNSQESVTEQDSKD,"K.[304.207](V,288.181)DNALQSGNSQESVTEQDS(K,304.207).D",True,False
severe_vs_nonsevere,5,"K.[304.207](V,290.171)DNALQSGNSQESVTEQDS(K,304.207).D",KVDNALQSGNSQESVTEQDSKD,"K.[304.207]VDNALQSGNS(Q,217.36)ESVTEQDS(K,304.207).D",True,False
severe_vs_nonsevere,5,"K.[304.207](V,290.171)DNALQSGNSQESVTEQDS(K,304.207).D",KVDNALQSGNSQESVTEQDSKD,"K.[304.207]VDNALQSGNSQE(S,215.557)VTEQDS(K,304.207).D",True,False
severe_vs_nonsevere,5,"K.[304.207](V,290.171)DNALQSGNSQESVTEQDS(K,304.207).D",KVDNALQSGNSQESVTEQDSKD,"K.[304.207]V(D,190.651)NALQSGNSQESVTEQDS(K,304.207).D",True,False
severe_vs_nonsevere,5,"K.[304.207](V,290.171)DNALQSGNSQESVTEQDS(K,304.207).D",KVDNALQSGNSQESVTEQDSKD,"K.[304.207]VDNALQSGNSQE(S,189.697)VTEQDS(K,304.207).D",True,False
severe_vs_nonsevere,5,"K.[304.207](V,290.171)DNALQSGNSQESVTEQDS(K,304.207).D",KVDNALQSGNSQESVTEQDSKD,"K.[304.207]VDNALQSGNSQE(S,189.094)VTEQDS(K,304.207).D",True,False
severe_vs_nonsevere,5,"K.[304.207](V,290.171)DNALQSGNSQESVTEQDS(K,304.207).D",KVDNALQSGNSQESVTEQDSKD,"K.[304.207]VDNALQSGNSQE(S,188.433)VTEQDS(K,304.207).D",True,False
severe_vs_nonsevere,5,"K.[304.207](V,290.171)DNALQSGNSQESVTEQDS(K,304.207).D",KVDNALQSGNSQESVTEQDSKD,"K.{180.112}[304.207]VDNALQSGNSQESVTEQDS(K,304.207).D",True,False
severe_vs_nonsevere,5,"K.[304.207](V,290.171)DNALQSGNSQESVTEQDS(K,304.207).D",KVDNALQSGNSQESVTEQDSKD,"K.[304.207]VDNALQSGNS(Q,170.533)ESVTEQDS(K,304.207).D",True,False
severe_vs_nonsevere,5,"K.[304.207](V,290.171)DNALQSGNSQESVTEQDS(K,304.207).D",KVDNALQSGNSQESVTEQDSKD,"K.[304.207]VDNALQSGNSQESVT(E,169.939)QDS(K,304.207).D",True,False
severe_vs_nonsevere,5,"K.[304.207](V,290.171)DNALQSGNSQESVTEQDS(K,304.207).D",KVDNALQSGNSQESVTEQDSKD,"K.[304.207]VDNALQSGNSQESV(T,167.563)EQDS(K,304.207).D",True,False
severe_vs_nonsevere,5,"K.[304.207](V,290.171)DNALQSGNSQESVTEQDS(K,304.207).D",KVDNALQSGNSQESVTEQDSKD,"K.[304.207]VDNALQSGNSQE(S,166.954)VTEQDS(K,304.207).D",True,False
severe_vs_nonsevere,5,"K.[304.207](V,290.171)DNALQSGNSQESVTEQDS(K,304.207).D",KVDNALQSGNSQESVTEQDSKD,"K.[304.207]VDNALQSGNSQ(E,165.144)SVTEQDS(K,304.207).D",True,False
severe_vs_nonsevere,5,"K.[304.207](V,290.171)DNALQSGNSQESVTEQDS(K,304.207).D",KVDNALQSGNSQESVTEQDSKD,"K.[304.207]VDNALQSGNSQE(S,163.978)VTEQDS(K,304.207).D",True,False
severe_vs_nonsevere,5,"K.[304.207](V,290.171)DNALQSGNSQESVTEQDS(K,304.207).D",KVDNALQSGNSQESVTEQDSKD,"K.[304.207]VDNALQSGNS(Q,158.008)ESVTEQDS(K,304.207).D",True,False
severe_vs_nonsevere,5,"K.[304.207](V,290.171)DNALQSGNSQESVTEQDS(K,304.207).D",KVDNALQSGNSQESVTEQDSKD,"K.[304.207]VDNALQSGNSQESV(T,157.347)EQDS(K,304.207).D",True,False
severe_vs_nonsevere,5,"K.[304.207](V,290.171)DNALQSGNSQESVTEQDS(K,304.207).D",KVDNALQSGNSQESVTEQDSKD,"K.[304.207]VDNALQSGNSQE(S,155.542)VTEQDS(K,304.207).D",True,False
severe_vs_nonsevere,5,"K.[304.207](V,290.171)DNALQSGNSQESVTEQDS(K,304.207).D",KVDNALQSGNSQESVTEQDSKD,"K.[304.207]VDNALQSGNSQE(S,153.222)VTEQDS(K,304.207).D",True,False
severe_vs_nonsevere,5,"K.[304.207](V,290.171)DNALQSGNSQESVTEQDS(K,304.207).D",KVDNALQSGNSQESVTEQDSKD,"K.[304.207]VDNALQSGNS(Q,149.521)ESVTEQDS(K,304.207).D",True,False
severe_vs_nonsevere,5,"K.[304.207](V,290.171)DNALQSGNSQESVTEQDS(K,304.207).D",KVDNALQSGNSQESVTEQDSKD,"K.[304.207]VDNALQSGNSQESV(T,147.738)EQDS(K,304.207).D",True,False
severe_vs_nonsevere,5,"K.[304.207](V,290.171)DNALQSGNSQESVTEQDS(K,304.207).D",KVDNALQSGNSQESVTEQDSKD,"K.[304.207]VDNALQSGNS(Q,147.139)ESVTEQDS(K,304.207).D",True,False
severe_vs_nonsevere,5,"K.[304.207](V,290.171)DNALQSGNSQESVTEQDS(K,304.207).D",KVDNALQSGNSQESVTEQDSKD,"K.[304.207]VDNALQSGNSQESV(T,146.535)EQDS(K,304.207).D",True,False
severe_vs_nonsevere,5,"K.[304.207](V,290.171)DNALQSGNSQESVTEQDS(K,304.207).D",KVDNALQSGNSQESVTEQDSKD,"K.[304.207]VDNALQSGNSQ(E,122.004)SVTEQDS(K,304.207).D",True,False
severe_vs_nonsevere,5,"K.[304.207](V,290.171)DNALQSGNSQESVTEQDS(K,304.207).D",KVDNALQSGNSQESVTEQDSKD,"K.{117.046}[304.207]VDNALQSGNSQESVTEQDS(K,304.207).D",True,False
severe_vs_nonsevere,5,"K.[304.207](V,290.171)DNALQSGNSQESVTEQDS(K,304.207).D",KVDNALQSGNSQESVTEQDSKD,"K.{99.049}[304.207]VDNALQSGNSQESVTEQDS(K,304.207).D",True,False
severe_vs_nonsevere,5,"K.[304.207](V,290.171)DNALQSGNSQESVTEQDS(K,304.207).D",KVDNALQSGNSQESVTEQDSKD,"K.[304.207]VDNALQSGNSQESVTEQD(S,69.079)(K,304.207).D",True,False
severe_vs_nonsevere,5,"K.[304.207](V,290.171)DNALQSGNSQESVTEQDS(K,304.207).D",KVDNALQSGNSQESVTEQDSKD,"K.{69.049}[304.207]VDNALQSGNSQESVTEQDS(K,304.207).D",True,False
severe_vs_nonsevere,5,"K.[304.207](V,290.171)DNALQSGNSQESVTEQDS(K,304.207).D",KVDNALQSGNSQESVTEQDSKD,"K.{67.915}[304.207]VDNALQSGNSQESVTEQDS(K,304.207).D",True,False
severe_vs_nonsevere,5,"K.[304.207](V,290.171)DNALQSGNSQESVTEQDS(K,304.207).D",KVDNALQSGNSQESVTEQDSKD,"K.{63.918}[304.207]VDNALQSGNSQESVTEQDS(K,304.207).D",True,False
severe_vs_nonsevere,5,"K.[304.207](V,290.171)DNALQSGNSQESVTEQDS(K,304.207).D",KVDNALQSGNSQESVTEQDSKD,"K.[304.207]VDNALQSGN(S,60.018)QESVTEQDS(K,304.207).D",True,False
severe_vs_nonsevere,5,"K.[304.207](V,290.171)DNALQSGNSQESVTEQDS(K,304.207).D",KVDNALQSGNSQESVTEQDSKD,"K.[304.207]VDNALQSGNSQESVTEQDS(K,361.226).D",True,False
severe_vs_nonsevere,5,"K.[304.207](V,290.171)DNALQSGNSQESVTEQDS(K,304.207).D",KVDNALQSGNSQESVTEQDSKD,"K.{53.901}[304.207]VDNALQSGNSQESVTEQDS(K,304.207).D",True,False
severe_vs_nonsevere,5,"K.[304.207](V,290.171)DNALQSGNSQESVTEQDS(K,304.207).D",KVDNALQSGNSQESVTEQDSKD,"K.{52.917}[304.207]VDNALQSGNSQESVTEQDS(K,304.207).D",True,False
severe_vs_nonsevere,5,"K.[304.207](V,290.171)DNALQSGNSQESVTEQDS(K,304.207).D",KVDNALQSGNSQESVTEQDSKD,"K.{48.916}[304.207]VDNALQSGNSQESVTEQDS(K,304.207).D",True,False
severe_vs_nonsevere,5,"K.[304.207](V,290.171)DNALQSGNSQESVTEQDS(K,304.207).D",KVDNALQSGNSQESVTEQDSKD,"K.{42.979}[304.207]VDNALQSGNSQESVTEQDS(K,304.207).D",True,False
severe_vs_nonsevere,5,"K.[304.207](V,290.171)DNALQSGNSQESVTEQDS(K,304.207).D",KVDNALQSGNSQESVTEQDSKD,"K.[304.207]VDNALQSGNS(Q,37.003)ESVTEQDS(K,304.207).D",True,False
severe_vs_nonsevere,5,"K.[304.207](V,290.171)DNALQSGNSQESVTEQDS(K,304.207).D",KVDNALQSGNSQESVTEQDSKD,"K.[304.207]VDNALQSGNSQES(V,35.433)TEQDS(K,304.207).D",True,False
severe_vs_nonsevere,5,"K.[304.207](V,290.171)DNALQSGNSQESVTEQDS(K,304.207).D",KVDNALQSGNSQESVTEQDSKD,"K.[304.207]VDNALQSGNSQESV(T,34.837)EQDS(K,304.207).D",True,False
severe_vs_nonsevere,5,"K.[304.207](V,290.171)DNALQSGNSQESVTEQDS(K,304.207).D",KVDNALQSGNSQESVTEQDSKD,"K.{33.957}[304.207]VDNALQSGNSQESVTEQDS(K,304.207).D",True,False
severe_vs_nonsevere,5,"K.[304.207](V,290.171)DNALQSGNSQESVTEQDS(K,304.207).D",KVDNALQSGNSQESVTEQDSKD,"K.{33.018}[304.207]VDNALQSGNSQESVTEQDS(K,304.207).D",True,False
severe_vs_nonsevere,5,"K.[304.207](V,290.171)DNALQSGNSQESVTEQDS(K,304.207).D",KVDNALQSGNSQESVTEQDSKD,"K.{32.026}[304.207]VDNALQSGNSQESVTEQDS(K,304.207).D",True,False
severe_vs_nonsevere,5,"K.[304.207](V,290.171)DNALQSGNSQESVTEQDS(K,304.207).D",KVDNALQSGNSQESVTEQDSKD,"K.[304.207]VDNALQSGNSQE(S,31.057)VTEQDS(K,304.207).D",True,False
severe_vs_nonsevere,5,"K.[304.207](V,290.171)DNALQSGNSQESVTEQDS(K,304.207).D",KVDNALQSGNSQESVTEQDSKD,"K.[304.207]VDN(A,30.016)LQSGNSQESVTEQDS(K,304.207).D",True,False
severe_vs_nonsevere,5,"K.[304.207](V,290.171)DNALQSGNSQESVTEQDS(K,304.207).D",KVDNALQSGNSQESVTEQDSKD,"K.[304.207]VDNALQSGNS(Q,24.027)ESVTEQDS(K,304.207).D",True,False
severe_vs_nonsevere,5,"K.[304.207](V,290.171)DNALQSGNSQESVTEQDS(K,304.207).D",KVDNALQSGNSQESVTEQDSKD,"K.[304.207]VDNALQSGNS(Q,22.204)ESVTEQDS(K,304.207).D",True,False
severe_vs_nonsevere,5,"K.[304.207](V,290.171)DNALQSGNSQESVTEQDS(K,304.207).D",KVDNALQSGNSQESVTEQDSKD,"K.[304.207]VDNALQSGNSQ(E,21.985)SVTEQDS(K,304.207).D",True,False
severe_vs_nonsevere,5,"K.[304.207](V,290.171)DNALQSGNSQESVTEQDS(K,304.207).D",KVDNALQSGNSQESVTEQDSKD,"K.[304.207]VDNALQSGNS(Q,20.35)ESVTEQDS(K,304.207).D",True,False
severe_vs_nonsevere,5,"K.[304.207](V,290.171)DNALQSGNSQESVTEQDS(K,304.207).D",KVDNALQSGNSQESVTEQDSKD,"K.{19.753}[304.207]VDNALQSGNSQESVTEQDS(K,304.207).D",True,False
severe_vs_nonsevere,5,"K.[304.207](V,290.171)DNALQSGNSQESVTEQDS(K,304.207).D",KVDNALQSGNSQESVTEQDSKD,"K.{18.018}[304.207]VDNALQSGNSQESVTEQDS(K,304.207).D",True,False
severe_vs_nonsevere,5,"K.[304.207](V,290.171)DNALQSGNSQESVTEQDS(K,304.207).D",KVDNALQSGNSQESVTEQDSKD,"K.{16.516}[304.207]VDNALQSGNSQESVTEQDS(K,304.207).D",True,False
severe_vs_nonsevere,5,"K.[304.207](V,290.171)DNALQSGNSQESVTEQDS(K,304.207).D",KVDNALQSGNSQESVTEQDSKD,"K.[304.207]VDNALQSGNS(Q,13.183)ESVTEQDS(K,304.207).D",True,False
severe_vs_nonsevere,5,"K.[304.207](V,290.171)DNALQSGNSQESVTEQDS(K,304.207).D",KVDNALQSGNSQESVTEQDSKD,"K.{12.112}[304.207]VDNALQSGNSQESVTEQDS(K,304.207).D",True,False
severe_vs_nonsevere,5,"K.[304.207](V,290.171)DNALQSGNSQESVTEQDS(K,304.207).D",KVDNALQSGNSQESVTEQDSKD,"K.{9.762}[304.207]VDNALQSGNSQESVTEQDS(K,304.207).D",True,False
severe_vs_nonsevere,5,"K.[304.207](V,290.171)DNALQSGNSQESVTEQDS(K,304.207).D",KVDNALQSGNSQESVTEQDSKD,"K.[304.207]VDNALQSGNSQE(S,9.595)VTEQDS(K,304.207).D",True,False
severe_vs_nonsevere,5,"K.[304.207](V,290.171)DNALQSGNSQESVTEQDS(K,304.207).D",KVDNALQSGNSQESVTEQDSKD,"K.{9.034}[304.207]VDNALQSGNSQESVTEQDS(K,304.207).D",True,False
severe_vs_nonsevere,5,"K.[304.207](V,290.171)DNALQSGNSQESVTEQDS(K,304.207).D",KVDNALQSGNSQESVTEQDSKD,"K.[304.207]VDNALQSGNSQ(E,8.365)SVTEQDS(K,304.207).D",True,False
severe_vs_nonsevere,5,"K.[304.207](V,290.171)DNALQSGNSQESVTEQDS(K,304.207).D",KVDNALQSGNSQESVTEQDSKD,"K.[304.207]VDNALQSGNSQE(S,7.771)VTEQDS(K,304.207).D",True,False
severe_vs_nonsevere,5,"K.[304.207](V,290.171)DNALQSGNSQESVTEQDS(K,304.207).D",KVDNALQSGNSQESVTEQDSKD,"K.[304.207]VDNALQSGNSQE(S,7.468)VTEQDS(K,304.207).D",True,False
severe_vs_nonsevere,5,"K.[304.207](V,290.171)DNALQSGNSQESVTEQDS(K,304.207).D",KVDNALQSGNSQESVTEQDSKD,"K.[304.207]VDNALQSGNSQE(S,7.171)VTEQDS(K,304.207).D",True,False
severe_vs_nonsevere,5,"K.[304.207](V,290.171)DNALQSGNSQESVTEQDS(K,304.207).D",KVDNALQSGNSQESVTEQDSKD,"K.[304.207]VDNALQSGNSQE(S,6.558)VTEQDS(K,304.207).D",True,False
severe_vs_nonsevere,5,"K.[304.207](V,290.171)DNALQSGNSQESVTEQDS(K,304.207).D",KVDNALQSGNSQESVTEQDSKD,"K.[304.207]VDNALQSGNSQE(S,5.37)VTEQDS(K,304.207).D",True,False
severe_vs_nonsevere,5,"K.[304.207](V,290.171)DNALQSGNSQESVTEQDS(K,304.207).D",KVDNALQSGNSQESVTEQDSKD,"K.[304.207]VDNALQSGNSQESV(T,4.219)EQDS(K,304.207).D",True,False
severe_vs_nonsevere,5,"K.[304.207](V,290.171)DNALQSGNSQESVTEQDS(K,304.207).D",KVDNALQSGNSQESVTEQDSKD,"K.[304.207]VDNALQSGNSQE(S,-3.611)VTEQDS(K,304.207).D",True,False
severe_vs_nonsevere,5,"K.[304.207](V,290.171)DNALQSGNSQESVTEQDS(K,304.207).D",KVDNALQSGNSQESVTEQDSKD,"K.[304.207]VDNALQSGNSQES(V,-4.215)TEQDS(K,304.207).D",True,False
severe_vs_nonsevere,5,"K.[304.207](V,290.171)DNALQSGNSQESVTEQDS(K,304.207).D",KVDNALQSGNSQESVTEQDSKD,"K.[304.207]VDNALQSGNSQE(S,-6.575)VTEQDS(K,304.207).D",True,False
severe_vs_nonsevere,5,"K.[304.207](V,290.171)DNALQSGNSQESVTEQDS(K,304.207).D",KVDNALQSGNSQESVTEQDSKD,"K.[304.207]VDNALQSGNSQE(S,-8.966)VTEQDS(K,304.207).D",True,False
severe_vs_nonsevere,5,"K.[304.207](V,290.171)DNALQSGNSQESVTEQDS(K,304.207).D",KVDNALQSGNSQESVTEQDSKD,"K.[304.207]VDNALQSGNSQE(S,-9.567)VTEQDS(K,304.207).D",True,False
severe_vs_nonsevere,5,"K.[304.207](V,290.171)DNALQSGNSQESVTEQDS(K,304.207).D",KVDNALQSGNSQESVTEQDSKD,"K.[304.207]VDNALQSGNS(Q,-11.393)ESVTEQDS(K,304.207).D",True,False
severe_vs_nonsevere,5,"K.[304.207](V,290.171)DNALQSGNSQESVTEQDS(K,304.207).D",KVDNALQSGNSQESVTEQDSKD,"K.[304.207]VDNALQSGNSQE(S,-11.997)VTEQDS(K,304.207).D",True,False
severe_vs_nonsevere,5,"K.[304.207](V,290.171)DNALQSGNSQESVTEQDS(K,304.207).D",KVDNALQSGNSQESVTEQDSKD,"K.[304.207]VDNALQSGNSQE(S,-12.593)VTEQDS(K,304.207).D",True,False
severe_vs_nonsevere,5,"K.[304.207](V,290.171)DNALQSGNSQESVTEQDS(K,304.207).D",KVDNALQSGNSQESVTEQDSKD,"K.[304.207]VDNALQSGNSQESV(T,-14.975)EQDS(K,304.207).D",True,False
severe_vs_nonsevere,5,"K.[304.207](V,290.171)DNALQSGNSQESVTEQDS(K,304.207).D",KVDNALQSGNSQESVTEQDSKD,"K.[304.207]VDNALQSGNSQESVTE(Q,-15.578)DS(K,304.207).D",True,False
severe_vs_nonsevere,5,"K.[304.207](V,290.171)DNALQSGNSQESVTEQDS(K,304.207).D",KVDNALQSGNSQESVTEQDSKD,"K.[304.207]VDNALQSGNSQE(S,-16.059)VTEQDS(K,304.207).D",True,False
severe_vs_nonsevere,5,"K.[304.207](V,290.171)DNALQSGNSQESVTEQDS(K,304.207).D",KVDNALQSGNSQESVTEQDSKD,"K.[304.207]VDNALQSGNSQESV(T,-16.77)EQDS(K,304.207).D",True,False
severe_vs_nonsevere,5,"K.[304.207](V,290.171)DNALQSGNSQESVTEQDS(K,304.207).D",KVDNALQSGNSQESVTEQDSKD,"K.[304.207]VDNALQSGNS(Q,-17.013)ESVTEQDS(K,304.207).D",True,False
severe_vs_nonsevere,5,"K.[304.207](V,290.171)DNALQSGNSQESVTEQDS(K,304.207).D",KVDNALQSGNSQESVTEQDSKD,"K.[304.207]VDNALQSGNSQE(S,-17.384)VTEQDS(K,304.207).D",True,False
severe_vs_nonsevere,5,"K.[304.207](V,290.171)DNALQSGNSQESVTEQDS(K,304.207).D",KVDNALQSGNSQESVTEQDSKD,"K.[304.207]VDNALQSGNSQES(V,-22.746)TEQDS(K,304.207).D",True,False
severe_vs_nonsevere,5,"K.[304.207](V,290.171)DNALQSGNSQESVTEQDS(K,304.207).D",KVDNALQSGNSQESVTEQDSKD,"K.[304.207]VDNALQSGNS(Q,-23.057)ESVTEQDS(K,304.207).D",True,False
severe_vs_nonsevere,5,"K.[304.207](V,290.171)DNALQSGNSQESVTEQDS(K,304.207).D",KVDNALQSGNSQESVTEQDSKD,"K.[304.207]VDNALQSGN(S,-24.021)QESVTEQDS(K,304.207).D",True,False
severe_vs_nonsevere,5,"K.[304.207](V,290.171)DNALQSGNSQESVTEQDS(K,304.207).D",KVDNALQSGNSQESVTEQDSKD,"K.[304.207]VDNALQSGNSQESV(T,-25.181)EQDS(K,304.207).D",True,False
severe_vs_nonsevere,5,"K.[304.207](V,290.171)DNALQSGNSQESVTEQDS(K,304.207).D",KVDNALQSGNSQESVTEQDSKD,"K.[304.207]VDNALQSGNSQESV(T,-25.781)EQDS(K,304.207).D",True,False
severe_vs_nonsevere,5,"K.[304.207](V,290.171)DNALQSGNSQESVTEQDS(K,304.207).D",KVDNALQSGNSQESVTEQDSKD,"K.[304.207]VDNALQSGNSQESV(T,-26.388)EQDS(K,304.207).D",True,False
severe_vs_nonsevere,5,"K.[304.207](V,290.171)DNALQSGNSQESVTEQDS(K,304.207).D",KVDNALQSGNSQESVTEQDSKD,"K.[304.207]VD(N,-26.999)ALQSGNSQESVTEQDS(K,304.207).D",True,False
severe_vs_nonsevere,5,"K.[304.207](V,290.171)DNALQSGNSQESVTEQDS(K,304.207).D",KVDNALQSGNSQESVTEQDSKD,"K.[304.207]VDNALQSG(N,-32.021)SQESVTEQDS(K,304.207).D",True,False
severe_vs_nonsevere,5,"K.[304.207](V,290.171)DNALQSGNSQESVTEQDS(K,304.207).D",KVDNALQSGNSQESVTEQDSKD,"K.[304.207]VDNALQSGNS(Q,-34.794)ESVTEQDS(K,304.207).D",True,False
severe_vs_nonsevere,5,"K.[304.207](V,290.171)DNALQSGNSQESVTEQDS(K,304.207).D",KVDNALQSGNSQESVTEQDSKD,"K.[304.207]VDNALQSGNS(Q,-35.39)ESVTEQDS(K,304.207).D",True,False
severe_vs_nonsevere,5,"K.[304.207](V,290.171)DNALQSGNSQESVTEQDS(K,304.207).D",KVDNALQSGNSQESVTEQDSKD,"K.[304.207]VDNALQSGNSQESV(T,-35.988)EQDS(K,304.207).D",True,False
severe_vs_nonsevere,5,"K.[304.207](V,290.171)DNALQSGNSQESVTEQDS(K,304.207).D",KVDNALQSGNSQESVTEQDSKD,"K.[304.207]VDNALQSGNS(Q,-36.635)ESVTEQDS(K,304.207).D",True,False
severe_vs_nonsevere,5,"K.[304.207](V,290.171)DNALQSGNSQESVTEQDS(K,304.207).D",KVDNALQSGNSQESVTEQDSKD,"K.[304.207]VDNALQSGNSQESVT(E,-37.217)QDS(K,304.207).D",True,False
severe_vs_nonsevere,5,"K.[304.207](V,290.171)DNALQSGNSQESVTEQDS(K,304.207).D",KVDNALQSGNSQESVTEQDSKD,"K.[304.207]VDNALQSGNSQES(V,-37.79)TEQDS(K,304.207).D",True,False
severe_vs_nonsevere,5,"K.[304.207](V,290.171)DNALQSGNSQESVTEQDS(K,304.207).D",KVDNALQSGNSQESVTEQDSKD,"K.[304.207]VDNALQSGNSQESVT(E,-44.393)QDS(K,304.207).D",True,False
severe_vs_nonsevere,5,"K.[304.207](V,290.171)DNALQSGNSQESVTEQDS(K,304.207).D",KVDNALQSGNSQESVTEQDSKD,"K.[304.207]VDNALQSG(N,-46.811)SQESVTEQDS(K,304.207).D",True,False
severe_vs_nonsevere,5,"K.[304.207](V,290.171)DNALQSGNSQESVTEQDS(K,304.207).D",KVDNALQSGNSQESVTEQDSKD,"K.[304.207]VDNALQSGNSQESVTEQDS(K,246.146).D",True,False
severe_vs_nonsevere,5,"K.[304.207](V,290.171)DNALQSGNSQESVTEQDS(K,304.207).D",KVDNALQSGNSQESVTEQDSKD,"K.[304.207]VDNALQSGNSQESVT(E,-60.021)QDS(K,304.207).D",True,False
severe_vs_nonsevere,5,"K.[304.207](V,290.171)DNALQSGNSQESVTEQDS(K,304.207).D",KVDNALQSGNSQESVTEQDSKD,"K.[304.207]VDNALQSGNSQESVT(E,-60.623)QDS(K,304.207).D",True,False
severe_vs_nonsevere,6,"R.[304.207](F,-13.032)(K,304.207)DLGEENF(K,304.207).A",RFKDLGEENFKA,"R.[304.207]F(K,304.207)DLGEE(N,0.984)F(K,304.207).A",True,False
severe_vs_nonsevere,6,"R.[304.207](F,-13.032)(K,304.207)DLGEENF(K,304.207).A",RFKDLGEENFKA,"R.{214.977}[304.207]F(K,304.207)DLGEENF(K,304.207).A",True,False
severe_vs_nonsevere,6,"R.[304.207](F,-13.032)(K,304.207)DLGEENF(K,304.207).A",RFKDLGEENFKA,"R.{60.042}[304.207]F(K,304.207)DLGEENF(K,304.207).A",True,False
severe_vs_nonsevere,6,"R.[304.207](F,-13.032)(K,304.207)DLGEENF(K,304.207).A",RFKDLGEENFKA,"R.{56.070}[304.207]F(K,304.207)DLGEENF(K,304.207).A",True,False
severe_vs_nonsevere,6,"R.[304.207](F,-13.032)(K,304.207)DLGEENF(K,304.207).A",RFKDLGEENFKA,"R.{43.014}[304.207]F(K,304.207)DLGEENF(K,304.207).A",True,False
severe_vs_nonsevere,6,"R.[304.207](F,-13.032)(K,304.207)DLGEENF(K,304.207).A",RFKDLGEENFKA,"R.[304.207](F,42.609)(K,304.207)DLGEENF(K,304.207).A",True,False
severe_vs_nonsevere,6,"R.[304.207](F,-13.032)(K,304.207)DLGEENF(K,304.207).A",RFKDLGEENFKA,"R.{40.044}[304.207]F(K,304.207)DLGEENF(K,304.207).A",True,False
severe_vs_nonsevere,6,"R.[304.207](F,-13.032)(K,304.207)DLGEENF(K,304.207).A",RFKDLGEENFKA,"R.[304.207]F(K,304.207)DLGEENF(K,336.202).A",True,False
severe_vs_nonsevere,6,"R.[304.207](F,-13.032)(K,304.207)DLGEENF(K,304.207).A",RFKDLGEENFKA,"R.{30.018}[304.207]F(K,304.207)DLGEENF(K,304.207).A",True,False
severe_vs_nonsevere,6,"R.[304.207](F,-13.032)(K,304.207)DLGEENF(K,304.207).A",RFKDLGEENFKA,"R.{26.958}[304.207]F(K,304.207)DLGEENF(K,304.207).A",True,False
severe_vs_nonsevere,6,"R.[304.207](F,-13.032)(K,304.207)DLGEENF(K,304.207).A",RFKDLGEENFKA,"R.[304.207]F(K,304.207)DLGEENF(K,318.193).A",True,False
severe_vs_nonsevere,6,"R.[304.207](F,-13.032)(K,304.207)DLGEENF(K,304.207).A",RFKDLGEENFKA,"R.[304.207](F,12.978)(K,304.207)DLGEENF(K,304.207).A",True,False
severe_vs_nonsevere,6,"R.[304.207](F,-13.032)(K,304.207)DLGEENF(K,304.207).A",RFKDLGEENFKA,"R.[304.207](F,12.747)(K,304.207)DLGEENF(K,304.207).A",True,False
severe_vs_nonsevere,6,"R.[304.207](F,-13.032)(K,304.207)DLGEENF(K,304.207).A",RFKDLGEENFKA,"R.[304.207](F,10.068)(K,304.207)DLGEENF(K,304.207).A",True,False
severe_vs_nonsevere,6,"R.[304.207](F,-13.032)(K,304.207)DLGEENF(K,304.207).A",RFKDLGEENFKA,"R.[304.207](F,-6.039)(K,304.207)DLGEENF(K,304.207).A",True,False
severe_vs_nonsevere,6,"R.[304.207](F,-13.032)(K,304.207)DLGEENF(K,304.207).A",RFKDLGEENFKA,"R.[304.207](F,-13.032)(K,304.207)DLGEENF(K,304.207).A",True,True
severe_vs_nonsevere,6,"R.[304.207](F,-13.032)(K,304.207)DLGEENF(K,304.207).A",RFKDLGEENFKA,"R.[304.207](F,-13.068)(K,304.207)DLGEENF(K,304.207).A",True,False
severe_vs_nonsevere,6,"R.[304.207](F,-13.032)(K,304.207)DLGEENF(K,304.207).A",RFKDLGEENFKA,"R.[304.207]F(K,304.207)DLGEE(N,-17.019)F(K,304.207).A",True,False
severe_vs_nonsevere,6,"R.[304.207](F,-13.032)(K,304.207)DLGEENF(K,304.207).A",RFKDLGEENFKA,"R.[304.207]F(K,304.207)DLGEENF(K,277.147).A",True,False
severe_vs_nonsevere,6,"R.[304.207](F,-13.032)(K,304.207)DLGEENF(K,304.207).A",RFKDLGEENFKA,"R.[304.207](F,-28.089)(K,304.207)DLGEENF(K,304.207).A",True,False
severe_vs_nonsevere,6,"R.[304.207](F,-13.032)(K,304.207)DLGEENF(K,304.207).A",RFKDLGEENFKA,"R.[304.207](F,-42.126)(K,304.207)DLGEENF(K,304.207).A",True,False
severe_vs_nonsevere,6,"R.[304.207](F,-13.032)(K,304.207)DLGEENF(K,304.207).A",RFKDLGEENFKA,"R.[304.207](F,-44.085)(K,304.207)DLGEENF(K,304.207).A",True,False
severe_vs_nonsevere,6,"R.[304.207](F,-13.032)(K,304.207)DLGEENF(K,304.207).A",RFKDLGEENFKA,"R.[304.207](F,-57.06)(K,304.207)DLGEENF(K,304.207).A",True,False
severe_vs_nonsevere,6,"R.[304.207](F,-13.032)(K,304.207)DLGEENF(K,304.207).A",RFKDLGEENFKA,"R.[196.054]F(K,304.207)DLGEENF(K,304.207).A",True,False
severe_vs_nonsevere,6,"R.[304.207](F,-13.032)(K,304.207)DLGEENF(K,304.207).A",RFKDLGEENFKA,"R.[178.060]F(K,304.207)DLGEENF(K,304.207).A",True,False
severe_vs_nonsevere,6,"R.[304.207](F,-13.032)(K,304.207)DLGEENF(K,304.207).A",RFKDLGEENFKA,"R.[177.067]F(K,304.207)DLGEENF(K,304.207).A",True,False
severe_vs_nonsevere,6,"R.[304.207](F,-13.032)(K,304.207)DLGEENF(K,304.207).A",RFKDLGEENFKA,"R.{290.172}[304.207]F(K,304.207)DLGEENF(K,304.207).A",True,False
severe_vs_nonsevere,6,"R.[304.207](F,-13.032)(K,304.207)DLGEENF(K,304.207).A",RFKDLGEENFKA,"R.{55.868}[304.207]F(K,304.207)DLGEENF(K,304.207).A",True,False
severe_vs_nonsevere,6,"R.[304.207](F,-13.032)(K,304.207)DLGEENF(K,304.207).A",RFKDLGEENFKA,"R.{12.004}[304.207]F(K,304.207)DLGEENF(K,304.207).A",True,False
severe_vs_nonsevere,6,"R.[304.207](F,-13.032)(K,304.207)DLGEENF(K,304.207).A",RFKDLGEENFKA,"R.[304.207]F(K,361.233)DLGEENF(K,304.207).A",True,False
severe_vs_nonsevere,6,"R.[304.207](F,-13.032)(K,304.207)DLGEENF(K,304.207).A",RFKDLGEENFKA,"R.[304.207]F(K,304.207)DLGE(E,21.982)NF(K,304.207).A",True,False
severe_vs_nonsevere,6,"R.[304.207](F,-13.032)(K,304.207)DLGEENF(K,304.207).A",RFKDLGEENFKA,"R.{20.980}[304.207]F(K,304.207)DLGEENF(K,304.207).A",True,False
severe_vs_nonsevere,6,"R.[304.207](F,-13.032)(K,304.207)DLGEENF(K,304.207).A",RFKDLGEENFKA,"R.{16.004}[304.207]F(K,304.207)DLGEENF(K,304.207).A",True,False
severe_vs_nonsevere,6,"R.[304.207](F,-13.032)(K,304.207)DLGEENF(K,304.207).A",RFKDLGEENFKA,"R.[304.207]F(K,304.207)DLGEE(N,15.996)F(K,304.207).A",True,False
severe_vs_nonsevere,6,"R.[304.207](F,-13.032)(K,304.207)DLGEENF(K,304.207).A",RFKDLGEENFKA,"R.[304.207]F(K,304.207)D(L,15.018)GEENF(K,304.207).A",True,False
severe_vs_nonsevere,6,"R.[304.207](F,-13.032)(K,304.207)DLGEENF(K,304.207).A",RFKDLGEENFKA,"R.{14.012}[304.207]F(K,304.207)DLGEENF(K,304.207).A",True,False
severe_vs_nonsevere,6,"R.[304.207](F,-13.032)(K,304.207)DLGEENF(K,304.207).A",RFKDLGEENFKA,"R.[304.207]F(K,304.207)DLGEENF(K,304.207).A",True,False
severe_vs_nonsevere,6,"R.[304.207](F,-13.032)(K,304.207)DLGEENF(K,304.207).A",RFKDLGEENFKA,"R.[304.207]F(K,302.197)DLGEENF(K,304.207).A",True,False
severe_vs_nonsevere,6,"R.[304.207](F,-13.032)(K,304.207)DLGEENF(K,304.207).A",RFKDLGEENFKA,"R.[304.207]F(K,300.179)DLGEENF(K,304.207).A",True,False
severe_vs_nonsevere,6,"R.[304.207](F,-13.032)(K,304.207)DLGEENF(K,304.207).A",RFKDLGEENFKA,"R.[304.207]F(K,304.207)DLGEEN(F,-18.024)(K,304.207).A",True,False
severe_vs_nonsevere,6,"R.[304.207](F,-13.032)(K,304.207)DLGEENF(K,304.207).A",RFKDLGEENFKA,"R.[304.207](F,-58.068)(K,304.207)DLGEENF(K,304.207).A",True,False
severe_vs_nonsevere,6,"R.[304.207](F,-13.032)(K,304.207)DLGEENF(K,304.207).A",RFKDLGEENFKA,"R.[304.207]F(K,244.129)DLGEENF(K,304.207).A",True,False
severe_vs_nonsevere,6,"R.[304.207](F,-13.032)(K,304.207)DLGEENF(K,304.207).A",RFKDLGEENFKA,"R.[304.207]F(K,220.065)DLGEENF(K,304.207).A",True,False
severe_vs_nonsevere,7,"N.[186.070]E(C,57.021)FLQH(K,304.207)DDNPNLPR.L",NECFLQHKDDNPNLPRL,"N.[304.207]E(C,57.021)FLQH(K,304.207)DDNPNLPR.L",True,False
severe_vs_nonsevere,7,"N.[186.070]E(C,57.021)FLQH(K,304.207)DDNPNLPR.L",NECFLQHKDDNPNLPRL,"N.[304.207](E,-16.092)(C,57.021)FLQH(K,304.207)DDNPNLPR.L",True,False
severe_vs_nonsevere,7,"N.[186.070]E(C,57.021)FLQH(K,304.207)DDNPNLPR.L",NECFLQHKDDNPNLPRL,"N.[304.207]E(C,57.021)FL(Q,-17.088)H(K,304.207)DDNPNLPR.L",True,False
severe_vs_nonsevere,7,"N.[186.070]E(C,57.021)FLQH(K,304.207)DDNPNLPR.L",NECFLQHKDDNPNLPRL,"N.[304.207](E,-35.067)(C,57.021)FLQH(K,304.207)DDNPNLPR.L",True,False
severe_vs_nonsevere,7,"N.[186.070]E(C,57.021)FLQH(K,304.207)DDNPNLPR.L",NECFLQHKDDNPNLPRL,"N.[304.207](E,-45.081)(C,57.021)FLQH(K,304.207)DDNPNLPR.L",True,False
severe_vs_nonsevere,7,"N.[186.070]E(C,57.021)FLQH(K,304.207)DDNPNLPR.L",NECFLQHKDDNPNLPRL,"N.[229.072]E(C,57.021)FLQH(K,304.207)DDNPNLPR.L",True,False
severe_vs_nonsevere,7,"N.[186.070]E(C,57.021)FLQH(K,304.207)DDNPNLPR.L",NECFLQHKDDNPNLPRL,"N.[214.063]E(C,57.021)FLQH(K,304.207)DDNPNLPR.L",True,False
severe_vs_nonsevere,7,"N.[186.070]E(C,57.021)FLQH(K,304.207)DDNPNLPR.L",NECFLQHKDDNPNLPRL,"N.[196.057]E(C,57.021)FLQH(K,304.207)DDNPNLPR.L",True,False
severe_vs_nonsevere,7,"N.[186.070]E(C,57.021)FLQH(K,304.207)DDNPNLPR.L",NECFLQHKDDNPNLPRL,"N.[186.070]E(C,57.021)FLQH(K,304.207)DDNPNLPR.L",True,True
severe_vs_nonsevere,7,"N.[186.070]E(C,57.021)FLQH(K,304.207)DDNPNLPR.L",NECFLQHKDDNPNLPRL,"N.[304.207](E,-37.23)(C,57.021)FLQH(K,304.207)DDNPNLPR.L",True,False
severe_vs_nonsevere,7,"N.[186.070]E(C,57.021)FLQH(K,304.207)DDNPNLPR.L",NECFLQHKDDNPNLPRL,"N.[304.207](E,-58.73)(C,57.021)FLQH(K,304.207)DDNPNLPR.L",True,False
severe_vs_nonsevere,8,R.[304.207]GPGGAWAAEVISNAR.E,RGPGGAWAAEVISNARE,R.[304.207]GPGGAWAAEVISNAR.E,True,True
severe_vs_nonsevere,9,"R.[304.207]SG(K,304.207)DPNHFRPAGLPE(K,304.207).Y",RSGKDPNHFRPAGLPEKY,"R.[304.207]SG(K,304.207)DPNHFRPAGLPE(K,304.207).Y",True,True
severe_vs_nonsevere,10,K.[304.207]DLLLPQPDLR.Y,KDLLLPQPDLRY,K.[304.207]DLLLPQPDLR.Y,True,True
severe_vs_nonsevere,10,K.[304.207]DLLLPQPDLR.Y,KDLLLPQPDLRY,K.{17.030}[304.207]DLLLPQPDLR.Y,True,False
severe_vs_nonsevere,10,K.[304.207]DLLLPQPDLR.Y,KDLLLPQPDLRY,"K.[304.207]DLLLPQPD(L,15.011)R.Y",True,False
symptomatic_non_covid_vs_covid,1,"K.[304.207](C,85.056)(C,57.021)TESLVNR.R",KCCTESLVNRR,"K.[304.207](C,57.021)(C,57.021)T(E,149.096)SLVNR.R",True,False
symptomatic_non_covid_vs_covid,1,"K.[304.207](C,85.056)(C,57.021)TESLVNR.R",KCCTESLVNRR,"K.[304.207](C,57.021)(C,57.021)TE(S,101.002)LVNR.R",True,False
symptomatic_non_covid_vs_covid,1,"K.[304.207](C,85.056)(C,57.021)TESLVNR.R",KCCTESLVNRR,"K.[304.207](C,57.021)(C,57.021)TESLV(N,69.036)R.R",True,False
symptomatic_non_covid_vs_covid,1,"K.[304.207](C,85.056)(C,57.021)TESLVNR.R",KCCTESLVNRR,"K.[304.207](C,57.021)(C,120.021)TESLVNR.R",True,False
symptomatic_non_covid_vs_covid,1,"K.[304.207](C,85.056)(C,57.021)TESLVNR.R",KCCTESLVNRR,"K.[304.207](C,57.021)(C,57.021)TE(S,60.04)LVNR.R",True,False
symptomatic_non_covid_vs_covid,1,"K.[304.207](C,85.056)(C,57.021)TESLVNR.R",KCCTESLVNRR,"K.[304.207](C,57.021)(C,57.021)TESLVN(R,57.026).R",True,False
symptomatic_non_covid_vs_covid,1,"K.[304.207](C,85.056)(C,57.021)TESLVNR.R",KCCTESLVNRR,"K.[304.207](C,57.021)(C,57.021)TESLV(N,42.028)R.R",True,False
symptomatic_non_covid_vs_covid,1,"K.[304.207](C,85.056)(C,57.021)TESLVNR.R",KCCTESLVNRR,"K.[304.207](C,57.021)(C,57.021)TE(S,42.016)LVNR.R",True,False
symptomatic_non_covid_vs_covid,1,"K.[304.207](C,85.056)(C,57.021)TESLVNR.R",KCCTESLVNRR,"K.[304.207](C,57.021)(C,57.021)TES(L,33.988)VNR.R",True,False
symptomatic_non_covid_vs_covid,1,"K.[304.207](C,85.056)(C,57.021)TESLVNR.R",KCCTESLVNRR,"K.[304.207](C,57.021)(C,57.021)TESLVN(R,30.026).R",True,False
symptomatic_non_covid_vs_covid,1,"K.[304.207](C,85.056)(C,57.021)TESLVNR.R",KCCTESLVNRR,"K.[304.207](C,57.021)(C,57.021)TESL(V,29.978)NR.R",True,False
symptomatic_non_covid_vs_covid,1,"K.[304.207](C,85.056)(C,57.021)TESLVNR.R",KCCTESLVNRR,"K.[304.207](C,72.037)(C,57.021)TESLVNR.R",True,False
symptomatic_non_covid_vs_covid,1,"K.[304.207](C,85.056)(C,57.021)TESLVNR.R",KCCTESLVNRR,"K.[304.207](C,71.001)(C,57.021)TESLVNR.R",True,False
symptomatic_non_covid_vs_covid,1,"K.[304.207](C,85.056)(C,57.021)TESLVNR.R",KCCTESLVNRR,"K.[304.207](C,70.019)(C,57.021)TESLVNR.R",True,False
symptomatic_non_covid_vs_covid,1,"K.[304.207](C,85.056)(C,57.021)TESLVNR.R",KCCTESLVNRR,"K.[304.207](C,59.041)(C,57.021)TESLVNR.R",True,False
symptomatic_non_covid_vs_covid,1,"K.[304.207](C,85.056)(C,57.021)TESLVNR.R",KCCTESLVNRR,"K.[304.207](C,57.021)(C,57.021)TESLVNR.R",True,False
symptomatic_non_covid_vs_covid,1,"K.[304.207](C,85.056)(C,57.021)TESLVNR.R",KCCTESLVNRR,"K.[304.207](C,57.021)(C,57.021)TESLV(N,-0.978)R.R",True,False
symptomatic_non_covid_vs_covid,1,"K.[304.207](C,85.056)(C,57.021)TESLVNR.R",KCCTESLVNRR,"K.[304.207](C,57.021)(C,55.993)TESLVNR.R",True,False
symptomatic_non_covid_vs_covid,1,"K.[304.207](C,85.056)(C,57.021)TESLVNR.R",KCCTESLVNRR,"K.[304.207](C,55.009)(C,57.021)TESLVNR.R",True,False
symptomatic_non_covid_vs_covid,1,"K.[304.207](C,85.056)(C,57.021)TESLVNR.R",KCCTESLVNRR,"K.[304.207](C,57.021)(C,57.021)TESLVN(R,-5.01).R",True,False
symptomatic_non_covid_vs_covid,1,"K.[304.207](C,85.056)(C,57.021)TESLVNR.R",KCCTESLVNRR,"K.[304.207](C,48.089)(C,57.021)TESLVNR.R",True,False
symptomatic_non_covid_vs_covid,1,"K.[304.207](C,85.056)(C,57.021)TESLVNR.R",KCCTESLVNRR,"K.[304.207](C,47.989)(C,57.021)TESLVNR.R",True,False
symptomatic_non_covid_vs_covid,1,"K.[304.207](C,85.056)(C,57.021)TESLVNR.R",KCCTESLVNRR,"K.[304.207](C,47.003)(C,57.021)TESLVNR.R",True,False
symptomatic_non_covid_vs_covid,1,"K.[304.207](C,85.056)(C,57.021)TESLVNR.R",KCCTESLVNRR,"K.[304.207](C,57.021)(C,57.021)TESLVN(R,-11.996).R",True,False
symptomatic_non_covid_vs_covid,1,"K.[304.207](C,85.056)(C,57.021)TESLVNR.R",KCCTESLVNRR,"K.[304.207](C,43.987)(C,57.021)TESLVNR.R",True,False
symptomatic_non_covid_vs_covid,1,"K.[304.207](C,85.056)(C,57.021)TESLVNR.R",KCCTESLVNRR,"K.[304.207](C,42.981)(C,57.021)TESLVNR.R",True,False
symptomatic_non_covid_vs_covid,1,"K.[304.207](C,85.056)(C,57.021)TESLVNR.R",KCCTESLVNRR,"K.[304.207](C,57.021)(C,57.021)TESLV(N,-16.024)R.R",True,False
symptomatic_non_covid_vs_covid,1,"K.[304.207](C,85.056)(C,57.021)TESLVNR.R",KCCTESLVNRR,"K.[304.207](C,57.021)(C,57.021)TESLV(N,-17.024)R.R",True,False
symptomatic_non_covid_vs_covid,1,"K.[304.207](C,85.056)(C,57.021)TESLVNR.R",KCCTESLVNRR,"K.[304.207](C,30.963)(C,57.021)TESLVNR.R",True,False
symptomatic_non_covid_vs_covid,1,"K.[304.207](C,85.056)(C,57.021)TESLVNR.R",KCCTESLVNRR,"K.[304.207](C,57.021)(C,57.021)TESLVN(R,-28.984).R",True,False
symptomatic_non_covid_vs_covid,1,"K.[304.207](C,85.056)(C,57.021)TESLVNR.R",KCCTESLVNRR,"K.[304.207](C,57.021)(C,57.021)TESLVN(R,-30.006).R",True,False
symptomatic_non_covid_vs_covid,1,"K.[304.207](C,85.056)(C,57.021)TESLVNR.R",KCCTESLVNRR,"K.[304.207](C,57.021)(C,57.021)(T,44.949)ESLVNR.R",True,False
symptomatic_non_covid_vs_covid,1,"K.[304.207](C,85.056)(C,57.021)TESLVNR.R",KCCTESLVNRR,"K.[304.207](C,15.953)(C,57.021)TESLVNR.R",True,False
symptomatic_non_covid_vs_covid,1,"K.[304.207](C,85.056)(C,57.021)TESLVNR.R",KCCTESLVNRR,"K.[304.207](C,14.949)(C,57.021)TESLVNR.R",True,False
symptomatic_non_covid_vs_covid,1,"K.[304.207](C,85.056)(C,57.021)TESLVNR.R",KCCTESLVNRR,"K.[304.207](C,57.021)(C,57.021)TESLV(N,-44.02)R.R",True,False
symptomatic_non_covid_vs_covid,1,"K.[304.207](C,85.056)(C,57.021)TESLVNR.R",KCCTESLVNRR,"K.[304.207](C,57.021)(C,57.021)TESLV(N,-44.962)R.R",True,False
symptomatic_non_covid_vs_covid,1,"K.[304.207](C,85.056)(C,57.021)TESLVNR.R",KCCTESLVNRR,"K.[304.207]C(C,57.021)TESLVNR.R",True,False
symptomatic_non_covid_vs_covid,1,"K.[304.207](C,85.056)(C,57.021)TESLVNR.R",KCCTESLVNRR,"K.[304.207](C,57.021)(C,-18.015)TESLVNR.R",True,False
symptomatic_non_covid_vs_covid,1,"K.[304.207](C,85.056)(C,57.021)TESLVNR.R",KCCTESLVNRR,"K.[304.207](C,57.021)(C,-33.985)TESLVNR.R",True,False
symptomatic_non_covid_vs_covid,1,"K.[304.207](C,85.056)(C,57.021)TESLVNR.R",KCCTESLVNRR,"K.[304.207](C,-36.001)(C,57.021)TESLVNR.R",True,False
symptomatic_non_covid_vs_covid,1,"K.[304.207](C,85.056)(C,57.021)TESLVNR.R",KCCTESLVNRR,"K.[188.151](C,57.021)(C,57.021)TESLVNR.R",True,False
symptomatic_non_covid_vs_covid,1,"K.[304.207](C,85.056)(C,57.021)TESLVNR.R",KCCTESLVNRR,"K.[304.207](C,404.277)(C,57.021)TESLVNR.R",True,False
symptomatic_non_covid_vs_covid,1,"K.[304.207](C,85.056)(C,57.021)TESLVNR.R",KCCTESLVNRR,"K.[304.207](C,384.588)(C,57.021)TESLVNR.R",True,False
symptomatic_non_covid_vs_covid,1,"K.[304.207](C,85.056)(C,57.021)TESLVNR.R",KCCTESLVNRR,"K.[304.207](C,345.558)(C,57.021)TESLVNR.R",True,False
symptomatic_non_covid_vs_covid,1,"K.[304.207](C,85.056)(C,57.021)TESLVNR.R",KCCTESLVNRR,"K.[304.207](C,342.534)(C,57.021)TESLVNR.R",True,False
symptomatic_non_covid_vs_covid,1,"K.[304.207](C,85.056)(C,57.021)TESLVNR.R",KCCTESLVNRR,"K.[304.207](C,342.546)(C,57.021)TESLVNR.R",True,False
symptomatic_non_covid_vs_covid,1,"K.[304.207](C,85.056)(C,57.021)TESLVNR.R",KCCTESLVNRR,"K.[304.207](C,339.558)(C,57.021)TESLVNR.R",True,False
symptomatic_non_covid_vs_covid,1,"K.[304.207](C,85.056)(C,57.021)TESLVNR.R",KCCTESLVNRR,"K.[304.207](C,335.706)(C,57.021)TESLVNR.R",True,False
symptomatic_non_covid_vs_covid,1,"K.[304.207](C,85.056)(C,57.021)TESLVNR.R",KCCTESLVNRR,"K.[304.207](C,335.064)(C,57.021)TESLVNR.R",True,False
symptomatic_non_covid_vs_covid,1,"K.[304.207](C,85.056)(C,57.021)TESLVNR.R",KCCTESLVNRR,"K.[304.207](C,324.48)(C,57.021)TESLVNR.R",True,False
symptomatic_non_covid_vs_covid,1,"K.[304.207](C,85.056)(C,57.021)TESLVNR.R",KCCTESLVNRR,"K.[304.207](C,323.04)(C,57.021)TESLVNR.R",True,False
symptomatic_non_covid_vs_covid,1,"K.[304.207](C,85.056)(C,57.021)TESLVNR.R",KCCTESLVNRR,"K.[304.207](C,321.567)(C,57.021)TESLVNR.R",True,False
symptomatic_non_covid_vs_covid,1,"K.[304.207](C,85.056)(C,57.021)TESLVNR.R",KCCTESLVNRR,"K.[304.207](C,320.022)(C,57.021)TESLVNR.R",True,False
symptomatic_non_covid_vs_covid,1,"K.[304.207](C,85.056)(C,57.021)TESLVNR.R",KCCTESLVNRR,"K.[304.207](C,318.537)(C,57.021)TESLVNR.R",True,False
symptomatic_non_covid_vs_covid,1,"K.[304.207](C,85.056)(C,57.021)TESLVNR.R",KCCTESLVNRR,"K.[304.207](C,317.223)(C,57.021)TESLVNR.R",True,False
symptomatic_non_covid_vs_covid,1,"K.[304.207](C,85.056)(C,57.021)TESLVNR.R",KCCTESLVNRR,"K.[304.207](C,313.998)(C,57.021)TESLVNR.R",True,False
symptomatic_non_covid_vs_covid,1,"K.[304.207](C,85.056)(C,57.021)TESLVNR.R",KCCTESLVNRR,"K.[304.207](C,308.01)(C,57.021)TESLVNR.R",True,False
symptomatic_non_covid_vs_covid,1,"K.[304.207](C,85.056)(C,57.021)TESLVNR.R",KCCTESLVNRR,"K.[304.207](C,297.504)(C,57.021)TESLVNR.R",True,False
symptomatic_non_covid_vs_covid,1,"K.[304.207](C,85.056)(C,57.021)TESLVNR.R",KCCTESLVNRR,"K.[304.207](C,294.552)(C,57.021)TESLVNR.R",True,False
symptomatic_non_covid_vs_covid,1,"K.[304.207](C,85.056)(C,57.021)TESLVNR.R",KCCTESLVNRR,"K.[304.207](C,284.016)(C,57.021)TESLVNR.R",True,False
symptomatic_non_covid_vs_covid,1,"K.[304.207](C,85.056)(C,57.021)TESLVNR.R",KCCTESLVNRR,"K.[304.207](C,231.555)(C,57.021)TESLVNR.R",True,False
symptomatic_non_covid_vs_covid,1,"K.[304.207](C,85.056)(C,57.021)TESLVNR.R",KCCTESLVNRR,"K.[304.207](C,212.031)(C,57.021)TESLVNR.R",True,False
symptomatic_non_covid_vs_covid,1,"K.[304.207](C,85.056)(C,57.021)TESLVNR.R",KCCTESLVNRR,"K.[304.207](C,209.043)(C,57.021)TESLVNR.R",True,False
symptomatic_non_covid_vs_covid,1,"K.[304.207](C,85.056)(C,57.021)TESLVNR.R",KCCTESLVNRR,"K.[304.207](C,188.028)(C,57.021)TESLVNR.R",True,False
symptomatic_non_covid_vs_covid,1,"K.[304.207](C,85.056)(C,57.021)TESLVNR.R",KCCTESLVNRR,"K.[304.207](C,185.052)(C,57.021)TESLVNR.R",True,False
symptomatic_non_covid_vs_covid,1,"K.[304.207](C,85.056)(C,57.021)TESLVNR.R",KCCTESLVNRR,"K.[304.207](C,179.052)(C,57.021)TESLVNR.R",True,False
symptomatic_non_covid_vs_covid,1,"K.[304.207](C,85.056)(C,57.021)TESLVNR.R",KCCTESLVNRR,"K.[304.207](C,57.021)(C,57.021)TE(S,100.019)LVNR.R",True,False
symptomatic_non_covid_vs_covid,1,"K.[304.207](C,85.056)(C,57.021)TESLVNR.R",KCCTESLVNRR,"K.[304.207](C,57.021)(C,57.021)TE(S,82.01)LVNR.R",True,False
symptomatic_non_covid_vs_covid,1,"K.[304.207](C,85.056)(C,57.021)TESLVNR.R",KCCTESLVNRR,"K.[304.207](C,57.021)(C,57.021)(T,80.918)ESLVNR.R",True,False
symptomatic_non_covid_vs_covid,1,"K.[304.207](C,85.056)(C,57.021)TESLVNR.R",KCCTESLVNRR,"K.[304.207](C,57.021)(C,57.021)(T,79.922)ESLVNR.R",True,False
symptomatic_non_covid_vs_covid,1,"K.[304.207](C,85.056)(C,57.021)TESLVNR.R",KCCTESLVNRR,"K.[304.207](C,128.07)(C,57.021)TESLVNR.R",True,False
symptomatic_non_covid_vs_covid,1,"K.[304.207](C,85.056)(C,57.021)TESLVNR.R",KCCTESLVNRR,"K.[304.207](C,57.021)(C,125.931)TESLVNR.R",True,False
symptomatic_non_covid_vs_covid,1,"K.[304.207](C,85.056)(C,57.021)TESLVNR.R",KCCTESLVNRR,"K.[304.207](C,123.51)(C,57.021)TESLVNR.R",True,False
symptomatic_non_covid_vs_covid,1,"K.[304.207](C,85.056)(C,57.021)TESLVNR.R",KCCTESLVNRR,"K.[304.207](C,122.007)(C,57.021)TESLVNR.R",True,False
symptomatic_non_covid_vs_covid,1,"K.[304.207](C,85.056)(C,57.021)TESLVNR.R",KCCTESLVNRR,"K.[304.207](C,57.021)(C,57.021)(T,63.917)ESLVNR.R",True,False
symptomatic_non_covid_vs_covid,1,"K.[304.207](C,85.056)(C,57.021)TESLVNR.R",KCCTESLVNRR,"K.[304.207](C,57.021)(C,110.931)TESLVNR.R",True,False
symptomatic_non_covid_vs_covid,1,"K.[304.207](C,85.056)(C,57.021)TESLVNR.R",KCCTESLVNRR,"K.[304.207](C,57.021)(C,57.021)(T,52.916)ESLVNR.R",True,False
symptomatic_non_covid_vs_covid,1,"K.[304.207](C,85.056)(C,57.021)TESLVNR.R",KCCTESLVNRR,"K.[304.207](C,104.028)(C,57.021)TESLVNR.R",True,False
symptomatic_non_covid_vs_covid,1,"K.[304.207](C,85.056)(C,57.021)TESLVNR.R",KCCTESLVNRR,"K.[304.207](C,97.056)(C,57.021)TESLVNR.R",True,False
symptomatic_non_covid_vs_covid,1,"K.[304.207](C,85.056)(C,57.021)TESLVNR.R",KCCTESLVNRR,"K.[304.207](C,89.025)(C,57.021)TESLVNR.R",True,False
symptomatic_non_covid_vs_covid,1,"K.[304.207](C,85.056)(C,57.021)TESLVNR.R",KCCTESLVNRR,"K.[304.207](C,88.026)(C,57.021)TESLVNR.R",True,False
symptomatic_non_covid_vs_covid,1,"K.[304.207](C,85.056)(C,57.021)TESLVNR.R",KCCTESLVNRR,"K.[304.207](C,85.056)(C,57.021)TESLVNR.R",True,True
symptomatic_non_covid_vs_covid,1,"K.[304.207](C,85.056)(C,57.021)TESLVNR.R",KCCTESLVNRR,"K.[304.207](C,81.981)(C,57.021)TESLVNR.R",True,False
symptomatic_non_covid_vs_covid,1,"K.[304.207](C,85.056)(C,57.021)TESLVNR.R",KCCTESLVNRR,"K.[304.207](C,81.912)(C,57.021)TESLVNR.R",True,False
symptomatic_non_covid_vs_covid,1,"K.[304.207](C,85.056)(C,57.021)TESLVNR.R",KCCTESLVNRR,"K.[304.207](C,81.558)(C,57.021)TESLVNR.R",True,False
symptomatic_non_covid_vs_covid,1,"K.[304.207](C,85.056)(C,57.021)TESLVNR.R",KCCTESLVNRR,"K.[304.207](C,80.982)(C,57.021)TESLVNR.R",True,False
symptomatic_non_covid_vs_covid,1,"K.[304.207](C,85.056)(C,57.021)TESLVNR.R",KCCTESLVNRR,"K.[304.207](C,80.223)(C,57.021)TESLVNR.R",True,False
symptomatic_non_covid_vs_covid,1,"K.[304.207](C,85.056)(C,57.021)TESLVNR.R",KCCTESLVNRR,"K.[304.207](C,57.021)(C,80.022)TESLVNR.R",True,False
symptomatic_non_covid_vs_covid,1,"K.[304.207](C,85.056)(C,57.021)TESLVNR.R",KCCTESLVNRR,"K.[304.207](C,80.085)(C,57.021)TESLVNR.R",True,False
symptomatic_non_covid_vs_covid,1,"K.[304.207](C,85.056)(C,57.021)TESLVNR.R",KCCTESLVNRR,"K.[304.207](C,57.021)(C,73.998)TESLVNR.R",True,False
symptomatic_non_covid_vs_covid,1,"K.[304.207](C,85.056)(C,57.021)TESLVNR.R",KCCTESLVNRR,"K.[304.207](C,73.02)(C,57.021)TESLVNR.R",True,False
symptomatic_non_covid_vs_covid,1,"K.[304.207](C,85.056)(C,57.021)TESLVNR.R",KCCTESLVNRR,"K.[304.207](C,57.021)(C,57.021)TESLV(N,14.03)R.R",True,False
symptomatic_non_covid_vs_covid,1,"K.[304.207](C,85.056)(C,57.021)TESLVNR.R",KCCTESLVNRR,"K.[304.207](C,57.021)(C,54.024)TESLVNR.R",True,False
symptomatic_non_covid_vs_covid,1,"K.[304.207](C,85.056)(C,57.021)TESLVNR.R",KCCTESLVNRR,"K.[304.207](C,45.513)(C,57.021)TESLVNR.R",True,False
symptomatic_non_covid_vs_covid,1,"K.[304.207](C,85.056)(C,57.021)TESLVNR.R",KCCTESLVNRR,"K.[304.207](C,57.021)(C,57.021)TESLV(N,-18.01)R.R",True,False
symptomatic_non_covid_vs_covid,1,"K.[304.207](C,85.056)(C,57.021)TESLVNR.R",KCCTESLVNRR,"K.[304.207](C,57.021)(C,33.477)TESLVNR.R",True,False
symptomatic_non_covid_vs_covid,1,"K.[304.207](C,85.056)(C,57.021)TESLVNR.R",KCCTESLVNRR,"K.[304.207](C,57.021)(C,31.995)TESLVNR.R",True,False
symptomatic_non_covid_vs_covid,1,"K.[304.207](C,85.056)(C,57.021)TESLVNR.R",KCCTESLVNRR,"K.[304.207](C,57.021)(C,57.021)(T,-27.991)ESLVNR.R",True,False
symptomatic_non_covid_vs_covid,1,"K.[304.207](C,85.056)(C,57.021)TESLVNR.R",KCCTESLVNRR,"K.[304.207](C,57.021)(C,57.021)TESLV(N,-28.975)R.R",True,False
symptomatic_non_covid_vs_covid,1,"K.[304.207](C,85.056)(C,57.021)TESLVNR.R",KCCTESLVNRR,"K.[304.207](C,57.021)(C,24.999)TESLVNR.R",True,False
symptomatic_non_covid_vs_covid,1,"K.[304.207](C,85.056)(C,57.021)TESLVNR.R",KCCTESLVNRR,"K.[304.207](C,57.021)(C,57.021)TESLV(N,-33.007)R.R",True,False
symptomatic_non_covid_vs_covid,1,"K.[304.207](C,85.056)(C,57.021)TESLVNR.R",KCCTESLVNRR,"K.[304.207](C,57.021)(C,57.021)T(E,-36.022)SLVNR.R",True,False
symptomatic_non_covid_vs_covid,1,"K.[304.207](C,85.056)(C,57.021)TESLVNR.R",KCCTESLVNRR,"K.[304.207](C,57.021)(C,18.927)TESLVNR.R",True,False
symptomatic_non_covid_vs_covid,1,"K.[304.207](C,85.056)(C,57.021)TESLVNR.R",KCCTESLVNRR,"K.[304.207](C,57.021)(C,57.021)(T,-43.003)ESLVNR.R",True,False
symptomatic_non_covid_vs_covid,1,"K.[304.207](C,85.056)(C,57.021)TESLVNR.R",KCCTESLVNRR,"K.[304.207](C,57.021)(C,57.021)TESLV(N,-46.003)R.R",True,False
symptomatic_non_covid_vs_covid,1,"K.[304.207](C,85.056)(C,57.021)TESLVNR.R",KCCTESLVNRR,"K.[304.207](C,57.021)(C,-0.963)TESLVNR.R",True,False
symptomatic_non_covid_vs_covid,1,"K.[304.207](C,85.056)(C,57.021)TESLVNR.R",KCCTESLVNRR,"K.[304.207](C,57.021)(C,-15.975)TESLVNR.R",True,False
symptomatic_non_covid_vs_covid,1,"K.[304.207](C,85.056)(C,57.021)TESLVNR.R",KCCTESLVNRR,"K.[304.207](C,57.021)(C,-16.95)TESLVNR.R",True,False
symptomatic_non_covid_vs_covid,1,"K.[304.207](C,85.056)(C,57.021)TESLVNR.R",KCCTESLVNRR,"K.[304.207](C,57.021)(C,-18.981)TESLVNR.R",True,False
symptomatic_non_covid_vs_covid,1,"K.[304.207](C,85.056)(C,57.021)TESLVNR.R",KCCTESLVNRR,"K.[304.207](C,-31.968)(C,57.021)TESLVNR.R",True,False
symptomatic_non_covid_vs_covid,1,"K.[304.207](C,85.056)(C,57.021)TESLVNR.R",KCCTESLVNRR,"K.[304.207](C,278.559)(C,57.021)TESLVNR.R",True,False
symptomatic_non_covid_vs_covid,1,"K.[304.207](C,85.056)(C,57.021)TESLVNR.R",KCCTESLVNRR,"K.[304.207](C,273.223)(C,57.021)TESLVNR.R",True,False
symptomatic_non_covid_vs_covid,2,"K.[304.207]QTALVELV(K,229.166).H",KQTALVELVKH,"K.[304.207]QTALV(E,57.025)LV(K,304.207).H",True,False
symptomatic_non_covid_vs_covid,2,"K.[304.207]QTALVELV(K,229.166).H",KQTALVELVKH,"K.[304.207]QTALVELV(K,347.198).H",True,False
symptomatic_non_covid_vs_covid,2,"K.[304.207]QTALVELV(K,229.166).H",KQTALVELVKH,"K.{39.979}[304.207]QTALVELV(K,304.207).H",True,False
symptomatic_non_covid_vs_covid,2,"K.[304.207]QTALVELV(K,229.166).H",KQTALVELVKH,"K.[304.207]QTALVELV(K,331.172).H",True,False
symptomatic_non_covid_vs_covid,2,"K.[304.207]QTALVELV(K,229.166).H",KQTALVELVKH,"K.{26.025}[304.207]QTALVELV(K,304.207).H",True,False
symptomatic_non_covid_vs_covid,2,"K.[304.207]QTALVELV(K,229.166).H",KQTALVELVKH,"K.[304.207]QTALVEL(V,21.979)(K,304.207).H",True,False
symptomatic_non_covid_vs_covid,2,"K.[304.207]QTALVELV(K,229.166).H",KQTALVELVKH,"K.{15.993}[304.207]QTALVELV(K,304.207).H",True,False
symptomatic_non_covid_vs_covid,2,"K.[304.207]QTALVELV(K,229.166).H",KQTALVELVKH,"K.[304.207]QTALV(E,15.015)LV(K,304.207).H",True,False
symptomatic_non_covid_vs_covid,2,"K.[304.207]QTALVELV(K,229.166).H",KQTALVELVKH,"K.{14.999}[304.207]QTALVELV(K,304.207).H",True,False
symptomatic_non_covid_vs_covid,2,"K.[304.207]QTALVELV(K,229.166).H",KQTALVELVKH,"K.{14.941}[304.207]QTALVELV(K,304.207).H",True,False
symptomatic_non_covid_vs_covid,2,"K.[304.207]QTALVELV(K,229.166).H",KQTALVELVKH,"K.[304.207](Q,13.983)TALVELV(K,304.207).H",True,False
symptomatic_non_covid_vs_covid,2,"K.[304.207]QTALVELV(K,229.166).H",KQTALVELVKH,"K.{13.953}[304.207]QTALVELV(K,304.207).H",True,False
symptomatic_non_covid_vs_covid,2,"K.[304.207]QTALVELV(K,229.166).H",KQTALVELVKH,"K.{12.967}[304.207]QTALVELV(K,304.207).H",True,False
symptomatic_non_covid_vs_covid,2,"K.[304.207]QTALVELV(K,229.166).H",KQTALVELVKH,"K.{12.083}[304.207]QTALVELV(K,304.207).H",True,False
symptomatic_non_covid_vs_covid,2,"K.[304.207]QTALVELV(K,229.166).H",KQTALVELVKH,"K.{3.989}[304.207]QTALVELV(K,304.207).H",True,False
symptomatic_non_covid_vs_covid,2,"K.[304.207]QTALVELV(K,229.166).H",KQTALVELVKH,"K.[304.207]QTALVELV(K,304.207).H",True,False
symptomatic_non_covid_vs_covid,2,"K.[304.207]QTALVELV(K,229.166).H",KQTALVELVKH,"K.[304.207](Q,-13.035)TALVELV(K,304.207).H",True,False
symptomatic_non_covid_vs_covid,2,"K.[304.207]QTALVELV(K,229.166).H",KQTALVELVKH,"K.[304.207]QTALVELV(K,289.166).H",True,False
symptomatic_non_covid_vs_covid,2,"K.[304.207]QTALVELV(K,229.166).H",KQTALVELVKH,"K.[304.207]QTALVELV(K,276.15).H",True,False
symptomatic_non_covid_vs_covid,2,"K.[304.207]QTALVELV(K,229.166).H",KQTALVELVKH,"K.[304.207]QTALVELV(K,275.096).H",True,False
symptomatic_non_covid_vs_covid,2,"K.[304.207]QTALVELV(K,229.166).H",KQTALVELVKH,"K.[304.207]QTALVELV(K,271.086).H",True,False
symptomatic_non_covid_vs_covid,2,"K.[304.207]QTALVELV(K,229.166).H",KQTALVELVKH,"K.[304.207]QTALVELV(K,247.144).H",True,False
symptomatic_non_covid_vs_covid,2,"K.[304.207]QTALVELV(K,229.166).H",KQTALVELVKH,"K.[304.207](Q,-57.729)TALVELV(K,304.207).H",True,False
symptomatic_non_covid_vs_covid,2,"K.[304.207]QTALVELV(K,229.166).H",KQTALVELVKH,"K.[304.207]QTALVELV(K,244.124).H",True,False
symptomatic_non_covid_vs_covid,2,"K.[304.207]QTALVELV(K,229.166).H",KQTALVELVKH,"K.[304.207]QTALVELV(K,242.114).H",True,False
symptomatic_non_covid_vs_covid,2,"K.[304.207]QTALVELV(K,229.166).H",KQTALVELVKH,"K.[304.207]QTALVELV(K,230.112).H",True,False
symptomatic_non_covid_vs_covid,2,"K.[304.207]QTALVELV(K,229.166).H",KQTALVELVKH,"K.[229.100]QTALVELV(K,304.207).H",True,False
symptomatic_non_covid_vs_covid,2,"K.[304.207]QTALVELV(K,229.166).H",KQTALVELVKH,"K.[228.122]QTALVELV(K,304.207).H",True,False
symptomatic_non_covid_vs_covid,2,"K.[304.207]QTALVELV(K,229.166).H",KQTALVELVKH,"K.[218.108]QTALVELV(K,304.207).H",True,False
symptomatic_non_covid_vs_covid,2,"K.[304.207]QTALVELV(K,229.166).H",KQTALVELVKH,"K.[202.084]QTALVELV(K,304.207).H",True,False
symptomatic_non_covid_vs_covid,2,"K.[304.207]QTALVELV(K,229.166).H",KQTALVELVKH,"K.[197.084]QTALVELV(K,304.207).H",True,False
symptomatic_non_covid_vs_covid,2,"K.[304.207]QTALVELV(K,229.166).H",KQTALVELVKH,"K.[304.207]QTALVELV(K,196.054).H",True,False
symptomatic_non_covid_vs_covid,2,"K.[304.207]QTALVELV(K,229.166).H",KQTALVELVKH,"K.[304.207]QTALVELV(K,179.076).H",True,False
symptomatic_non_covid_vs_covid,2,"K.[304.207]QTALVELV(K,229.166).H",KQTALVELVKH,"K.[175.074]QTALVELV(K,304.207).H",True,False
symptomatic_non_covid_vs_covid,2,"K.[304.207]QTALVELV(K,229.166).H",KQTALVELVKH,"K.{347.695}[304.207]QTALVELV(K,304.207).H",True,False
symptomatic_non_covid_vs_covid,2,"K.[304.207]QTALVELV(K,229.166).H",KQTALVELVKH,"K.{320.688}[304.207]QTALVELV(K,304.207).H",True,False
symptomatic_non_covid_vs_covid,2,"K.[304.207]QTALVELV(K,229.166).H",KQTALVELVKH,"K.[304.207](Q,297.133)TALVELV(K,304.207).H",True,False
symptomatic_non_covid_vs_covid,2,"K.[304.207]QTALVELV(K,229.166).H",KQTALVELVKH,"K.[304.207](Q,294.13)TALVELV(K,304.207).H",True,False
symptomatic_non_covid_vs_covid,2,"K.[304.207]QTALVELV(K,229.166).H",KQTALVELVKH,"K.[304.207](Q,292.171)TALVELV(K,304.207).H",True,False
symptomatic_non_covid_vs_covid,2,"K.[304.207]QTALVELV(K,229.166).H",KQTALVELVKH,"K.[304.207](Q,291.172)TALVELV(K,304.207).H",True,False
symptomatic_non_covid_vs_covid,2,"K.[304.207]QTALVELV(K,229.166).H",KQTALVELVKH,"K.[304.207](Q,290.92)TALVELV(K,304.207).H",True,False
symptomatic_non_covid_vs_covid,2,"K.[304.207]QTALVELV(K,229.166).H",KQTALVELVKH,"K.[304.207](Q,290.571)TALVELV(K,304.207).H",True,False
symptomatic_non_covid_vs_covid,2,"K.[304.207]QTALVELV(K,229.166).H",KQTALVELVKH,"K.[304.207](Q,290.155)TALVELV(K,304.207).H",True,False
symptomatic_non_covid_vs_covid,2,"K.[304.207]QTALVELV(K,229.166).H",KQTALVELVKH,"K.[304.207](Q,287.152)TALVELV(K,304.207).H",True,False
symptomatic_non_covid_vs_covid,2,"K.[304.207]QTALVELV(K,229.166).H",KQTALVELVKH,"K.[304.207](Q,285.136)TALVELV(K,304.207).H",True,False
symptomatic_non_covid_vs_covid,2,"K.[304.207]QTALVELV(K,229.166).H",KQTALVELVKH,"K.[304.207](Q,276.136)TALVELV(K,304.207).H",True,False
symptomatic_non_covid_vs_covid,2,"K.[304.207]QTALVELV(K,229.166).H",KQTALVELVKH,"K.[304.207](Q,272.142)TALVELV(K,304.207).H",True,False
symptomatic_non_covid_vs_covid,2,"K.[304.207]QTALVELV(K,229.166).H",KQTALVELVKH,"K.[304.207](Q,264.157)TALVELV(K,304.207).H",True,False
symptomatic_non_covid_vs_covid,2,"K.[304.207]QTALVELV(K,229.166).H",KQTALVELVKH,"K.{263.155}[304.207]QTALVELV(K,304.207).H",True,False
symptomatic_non_covid_vs_covid,2,"K.[304.207]QTALVELV(K,229.166).H",KQTALVELVKH,"K.[304.207](Q,257.146)TALVELV(K,304.207).H",True,False
symptomatic_non_covid_vs_covid,2,"K.[304.207]QTALVELV(K,229.166).H",KQTALVELVKH,"K.[304.207](Q,250.134)TALVELV(K,304.207).H",True,False
symptomatic_non_covid_vs_covid,2,"K.[304.207]QTALVELV(K,229.166).H",KQTALVELVKH,"K.[304.207](Q,238.134)TALVELV(K,304.207).H",True,False
symptomatic_non_covid_vs_covid,2,"K.[304.207]QTALVELV(K,229.166).H",KQTALVELVKH,"K.{236.649}[304.207]QTALVELV(K,304.207).H",True,False
symptomatic_non_covid_vs_covid,2,"K.[304.207]QTALVELV(K,229.166).H",KQTALVELVKH,"K.[304.207](Q,236.118)TALVELV(K,304.207).H",True,False
symptomatic_non_covid_vs_covid,2,"K.[304.207]QTALVELV(K,229.166).H",KQTALVELVKH,"K.[304.207](Q,234.1)TALVELV(K,304.207).H",True,False
symptomatic_non_covid_vs_covid,2,"K.[304.207]QTALVELV(K,229.166).H",KQTALVELVKH,"K.[304.207](Q,231.109)TALVELV(K,304.207).H",True,False
symptomatic_non_covid_vs_covid,2,"K.[304.207]QTALVELV(K,229.166).H",KQTALVELVKH,"K.[304.207](Q,214.11)TALVELV(K,304.207).H",True,False
symptomatic_non_covid_vs_covid,2,"K.[304.207]QTALVELV(K,229.166).H",KQTALVELVKH,"K.[304.207](Q,210.102)TALVELV(K,304.207).H",True,False
symptomatic_non_covid_vs_covid,2,"K.[304.207]QTALVELV(K,229.166).H",KQTALVELVKH,"K.[304.207](Q,195.106)TALVELV(K,304.207).H",True,False
symptomatic_non_covid_vs_covid,2,"K.[304.207]QTALVELV(K,229.166).H",KQTALVELVKH,"K.[304.207](Q,156.091)TALVELV(K,304.207).H",True,False
symptomatic_non_covid_vs_covid,2,"K.[304.207]QTALVELV(K,229.166).H",KQTALVELVKH,"K.[304.207]QTALVEL(V,125.023)(K,304.207).H",True,False
symptomatic_non_covid_vs_covid,2,"K.[304.207]QTALVELV(K,229.166).H",KQTALVELVKH,"K.{97.936}[304.207]QTALVELV(K,304.207).H",True,False
symptomatic_non_covid_vs_covid,2,"K.[304.207]QTALVELV(K,229.166).H",KQTALVELVKH,"K.[304.207](Q,85.96)TALVELV(K,304.207).H",True,False
symptomatic_non_covid_vs_covid,2,"K.[304.207]QTALVELV(K,229.166).H",KQTALVELVKH,"K.[304.207]QTALVE(L,85.024)V(K,304.207).H",True,False
symptomatic_non_covid_vs_covid,2,"K.[304.207]QTALVELV(K,229.166).H",KQTALVELVKH,"K.{49.636}[304.207]QTALVELV(K,304.207).H",True,False
symptomatic_non_covid_vs_covid,2,"K.[304.207]QTALVELV(K,229.166).H",KQTALVELVKH,"K.[304.207]QTALVELV(K,344.243).H",True,False
symptomatic_non_covid_vs_covid,2,"K.[304.207]QTALVELV(K,229.166).H",KQTALVELVKH,"K.[304.207]QT(A,15.997)LVELV(K,304.207).H",True,False
symptomatic_non_covid_vs_covid,2,"K.[304.207]QTALVELV(K,229.166).H",KQTALVELVKH,"K.{3.913}[304.207]QTALVELV(K,304.207).H",True,False
symptomatic_non_covid_vs_covid,2,"K.[304.207]QTALVELV(K,229.166).H",KQTALVELVKH,"K.[304.207](Q,0.991)TALVELV(K,304.207).H",True,False
symptomatic_non_covid_vs_covid,2,"K.[304.207]QTALVELV(K,229.166).H",KQTALVELVKH,"K.[304.207]QTALVEL(V,-18.008)(K,304.207).H",True,False
symptomatic_non_covid_vs_covid,2,"K.[304.207]QTALVELV(K,229.166).H",KQTALVELVKH,"K.[304.207]QTALVE(L,-18.537)V(K,304.207).H",True,False
symptomatic_non_covid_vs_covid,2,"K.[304.207]QTALVELV(K,229.166).H",KQTALVELVKH,"K.[304.207]QTALVEL(V,-21.566)(K,304.207).H",True,False
symptomatic_non_covid_vs_covid,2,"K.[304.207]QTALVELV(K,229.166).H",KQTALVELVKH,"K.[304.207]QTALVE(L,-44.022)V(K,304.207).H",True,False
symptomatic_non_covid_vs_covid,2,"K.[304.207]QTALVELV(K,229.166).H",KQTALVELVKH,"K.[304.207](Q,-71.033)TALVELV(K,304.207).H",True,False
symptomatic_non_covid_vs_covid,2,"K.[304.207]QTALVELV(K,229.166).H",KQTALVELVKH,"K.[304.207]QTALVELV(K,229.166).H",True,True
symptomatic_non_covid_vs_covid,2,"K.[304.207]QTALVELV(K,229.166).H",KQTALVELVKH,"K.[304.207](Q,185.12)TALVELV(K,304.207).H",True,False
symptomatic_non_covid_vs_covid,2,"K.[304.207]QTALVELV(K,229.166).H",KQTALVELVKH,"K.[304.207]Q(T,304.211)ALVELV(K,304.207).H",True,False
symptomatic_non_covid_vs_covid,2,"K.[304.207]QTALVELV(K,229.166).H",KQTALVELVKH,"K.[304.207](Q,271.167)TALVELV(K,304.207).H",True,False
symptomatic_non_covid_vs_covid,2,"K.[304.207]QTALVELV(K,229.166).H",KQTALVELVKH,"K.[304.207](Q,243.123)TALVELV(K,304.207).H",True,False
symptomatic_non_covid_vs_covid,2,"K.[304.207]QTALVELV(K,229.166).H",KQTALVELVKH,"K.[304.207](Q,228.115)TALVELV(K,304.207).H",True,False
symptomatic_non_covid_vs_covid,2,"K.[304.207]QTALVELV(K,229.166).H",KQTALVELVKH,"K.[304.207](Q,200.117)TALVELV(K,304.207).H",True,False
symptomatic_non_covid_vs_covid,2,"K.[304.207]QTALVELV(K,229.166).H",KQTALVELVKH,"K.[304.207](Q,186.101)TALVELV(K,304.207).H",True,False
symptomatic_non_covid_vs_covid,2,"K.[304.207]QTALVELV(K,229.166).H",KQTALVELVKH,"K.[304.207](Q,171.105)TALVELV(K,304.207).H",True,False
symptomatic_non_covid_vs_covid,2,"K.[304.207]QTALVELV(K,229.166).H",KQTALVELVKH,"K.[304.207](Q,170.111)TALVELV(K,304.207).H",True,False
symptomatic_non_covid_vs_covid,2,"K.[304.207]QTALVELV(K,229.166).H",KQTALVELVKH,"K.[304.207](Q,154.119)TALVELV(K,304.207).H",True,False
symptomatic_non_covid_vs_covid,2,"K.[304.207]QTALVELV(K,229.166).H",KQTALVELVKH,"K.[304.207](Q,128.097)TALVELV(K,304.207).H",True,False
symptomatic_non_covid_vs_covid,2,"K.[304.207]QTALVELV(K,229.166).H",KQTALVELVKH,"K.[304.207](Q,101.957)TALVELV(K,304.207).H",True,False
symptomatic_non_covid_vs_covid,3,"K.[229.166]AEFAEVS(K,304.207).L",KAEFAEVSKL,"K.[304.207]AEFAEV(S,87.011)(K,304.207).L",True,False
symptomatic_non_covid_vs_covid,3,"K.[229.166]AEFAEVS(K,304.207).L",KAEFAEVSKL,"K.{76.022}[304.207]AEFAEVS(K,304.207).L",True,False
symptomatic_non_covid_vs_covid,3,"K.[229.166]AEFAEVS(K,304.207).L",KAEFAEVSKL,"K.{57.025}[304.207]AEFAEVS(K,304.207).L",True,False
symptomatic_non_covid_vs_covid,3,"K.[229.166]AEFAEVS(K,304.207).L",KAEFAEVSKL,"K.{55.704}[304.207]AEFAEVS(K,304.207).L",True,False
symptomatic_non_covid_vs_covid,3,"K.[229.166]AEFAEVS(K,304.207).L",KAEFAEVSKL,"K.[304.207]AEFAEVS(K,347.201).L",True,False
symptomatic_non_covid_vs_covid,3,"K.[229.166]AEFAEVS(K,304.207).L",KAEFAEVSKL,"K.[304.207](A,41.987)EFAEVS(K,304.207).L",True,False
symptomatic_non_covid_vs_covid,3,"K.[229.166]AEFAEVS(K,304.207).L",KAEFAEVSKL,"K.[304.207]AEFAEVS(K,345.193).L",True,False
symptomatic_non_covid_vs_covid,3,"K.[229.166]AEFAEVS(K,304.207).L",KAEFAEVSKL,"K.{40.035}[304.207]AEFAEVS(K,304.207).L",True,False
symptomatic_non_covid_vs_covid,3,"K.[229.166]AEFAEVS(K,304.207).L",KAEFAEVSKL,"K.[304.207](A,39.893)EFAEVS(K,304.207).L",True,False
symptomatic_non_covid_vs_covid,3,"K.[229.166]AEFAEVS(K,304.207).L",KAEFAEVSKL,"K.{31.009}[304.207]AEFAEVS(K,304.207).L",True,False
symptomatic_non_covid_vs_covid,3,"K.[229.166]AEFAEVS(K,304.207).L",KAEFAEVSKL,"K.{17.689}[304.207]AEFAEVS(K,304.207).L",True,False
symptomatic_non_covid_vs_covid,3,"K.[229.166]AEFAEVS(K,304.207).L",KAEFAEVSKL,"K.[304.207]AE(F,16)AEVS(K,304.207).L",True,False
symptomatic_non_covid_vs_covid,3,"K.[229.166]AEFAEVS(K,304.207).L",KAEFAEVSKL,"K.{15.993}[304.207]AEFAEVS(K,304.207).L",True,False
symptomatic_non_covid_vs_covid,3,"K.[229.166]AEFAEVS(K,304.207).L",KAEFAEVSKL,"K.{15.001}[304.207]AEFAEVS(K,304.207).L",True,False
symptomatic_non_covid_vs_covid,3,"K.[229.166]AEFAEVS(K,304.207).L",KAEFAEVSKL,"K.[304.207]AE(F,15.016)AEVS(K,304.207).L",True,False
symptomatic_non_covid_vs_covid,3,"K.[229.166]AEFAEVS(K,304.207).L",KAEFAEVSKL,"K.[304.207](A,13.983)EFAEVS(K,304.207).L",True,False
symptomatic_non_covid_vs_covid,3,"K.[229.166]AEFAEVS(K,304.207).L",KAEFAEVSKL,"K.{12.991}[304.207]AEFAEVS(K,304.207).L",True,False
symptomatic_non_covid_vs_covid,3,"K.[229.166]AEFAEVS(K,304.207).L",KAEFAEVSKL,"K.{4.929}[304.207]AEFAEVS(K,304.207).L",True,False
symptomatic_non_covid_vs_covid,3,"K.[229.166]AEFAEVS(K,304.207).L",KAEFAEVSKL,"K.{3.925}[304.207]AEFAEVS(K,304.207).L",True,False
symptomatic_non_covid_vs_covid,3,"K.[229.166]AEFAEVS(K,304.207).L",KAEFAEVSKL,"K.[304.207]AEFAEVS(K,304.207).L",True,False
symptomatic_non_covid_vs_covid,3,"K.[229.166]AEFAEVS(K,304.207).L",KAEFAEVSKL,"K.[304.207]AEFA(E,-9.019)VS(K,304.207).L",True,False
symptomatic_non_covid_vs_covid,3,"K.[229.166]AEFAEVS(K,304.207).L",KAEFAEVSKL,"K.[304.207]AEFAEV(S,-10.635)(K,304.207).L",True,False
symptomatic_non_covid_vs_covid,3,"K.[229.166]AEFAEVS(K,304.207).L",KAEFAEVSKL,"K.[276.123]AEFAEVS(K,304.207).L",True,False
symptomatic_non_covid_vs_covid,3,"K.[229.166]AEFAEVS(K,304.207).L",KAEFAEVSKL,"K.[304.207]AEFAEVS(K,260.213).L",True,False
symptomatic_non_covid_vs_covid,3,"K.[229.166]AEFAEVS(K,304.207).L",KAEFAEVSKL,"K.[304.207]AEFAEVS(K,259.187).L",True,False
symptomatic_non_covid_vs_covid,3,"K.[229.166]AEFAEVS(K,304.207).L",KAEFAEVSKL,"K.[248.143]AEFAEVS(K,304.207).L",True,False
symptomatic_non_covid_vs_covid,3,"K.[229.166]AEFAEVS(K,304.207).L",KAEFAEVSKL,"K.[247.143]AEFAEVS(K,304.207).L",True,False
symptomatic_non_covid_vs_covid,3,"K.[229.166]AEFAEVS(K,304.207).L",KAEFAEVSKL,"K.[246.137]AEFAEVS(K,304.207).L",True,False
symptomatic_non_covid_vs_covid,3,"K.[229.166]AEFAEVS(K,304.207).L",KAEFAEVSKL,"K.[304.207]AEFAEVS(K,190.013).L",True,False
symptomatic_non_covid_vs_covid,3,"K.[229.166]AEFAEVS(K,304.207).L",KAEFAEVSKL,"K.{329.623}[304.207]AEFAEVS(K,304.207).L",True,False
symptomatic_non_covid_vs_covid,3,"K.[229.166]AEFAEVS(K,304.207).L",KAEFAEVSKL,"K.{327.421}[304.207]AEFAEVS(K,304.207).L",True,False
symptomatic_non_covid_vs_covid,3,"K.[229.166]AEFAEVS(K,304.207).L",KAEFAEVSKL,"K.[304.207](A,291.169)EFAEVS(K,304.207).L",True,False
symptomatic_non_covid_vs_covid,3,"K.[229.166]AEFAEVS(K,304.207).L",KAEFAEVSKL,"K.[304.207]AEFAEV(S,287.617)(K,304.207).L",True,False
symptomatic_non_covid_vs_covid,3,"K.[229.166]AEFAEVS(K,304.207).L",KAEFAEVSKL,"K.{286.114}[304.207]AEFAEVS(K,304.207).L",True,False
symptomatic_non_covid_vs_covid,3,"K.[229.166]AEFAEVS(K,304.207).L",KAEFAEVSKL,"K.[304.207]AEFAEV(S,260.608)(K,304.207).L",True,False
symptomatic_non_covid_vs_covid,3,"K.[229.166]AEFAEVS(K,304.207).L",KAEFAEVSKL,"K.[304.207](A,181.057)EFAEVS(K,304.207).L",True,False
symptomatic_non_covid_vs_covid,3,"K.[229.166]AEFAEVS(K,304.207).L",KAEFAEVSKL,"K.[304.207]AEFAE(V,70.03)S(K,304.207).L",True,False
symptomatic_non_covid_vs_covid,3,"K.[229.166]AEFAEVS(K,304.207).L",KAEFAEVSKL,"K.{65.926}[304.207]AEFAEVS(K,304.207).L",True,False
symptomatic_non_covid_vs_covid,3,"K.[229.166]AEFAEVS(K,304.207).L",KAEFAEVSKL,"K.{64.924}[304.207]AEFAEVS(K,304.207).L",True,False
symptomatic_non_covid_vs_covid,3,"K.[229.166]AEFAEVS(K,304.207).L",KAEFAEVSKL,"K.{62.920}[304.207]AEFAEVS(K,304.207).L",True,False
symptomatic_non_covid_vs_covid,3,"K.[229.166]AEFAEVS(K,304.207).L",KAEFAEVSKL,"K.[304.207]AEFAEV(S,60.04)(K,304.207).L",True,False
symptomatic_non_covid_vs_covid,3,"K.[229.166]AEFAEVS(K,304.207).L",KAEFAEVSKL,"K.[304.207]AEFAEV(S,57.025)(K,304.207).L",True,False
symptomatic_non_covid_vs_covid,3,"K.[229.166]AEFAEVS(K,304.207).L",KAEFAEVSKL,"K.{56.932}[304.207]AEFAEVS(K,304.207).L",True,False
symptomatic_non_covid_vs_covid,3,"K.[229.166]AEFAEVS(K,304.207).L",KAEFAEVSKL,"K.{54.916}[304.207]AEFAEVS(K,304.207).L",True,False
symptomatic_non_covid_vs_covid,3,"K.[229.166]AEFAEVS(K,304.207).L",KAEFAEVSKL,"K.{43.966}[304.207]AEFAEVS(K,304.207).L",True,False
symptomatic_non_covid_vs_covid,3,"K.[229.166]AEFAEVS(K,304.207).L",KAEFAEVSKL,"K.{42.958}[304.207]AEFAEVS(K,304.207).L",True,False
symptomatic_non_covid_vs_covid,3,"K.[229.166]AEFAEVS(K,304.207).L",KAEFAEVSKL,"K.[304.207](A,42.052)EFAEVS(K,304.207).L",True,False
symptomatic_non_covid_vs_covid,3,"K.[229.166]AEFAEVS(K,304.207).L",KAEFAEVSKL,"K.{37.951}[304.207]AEFAEVS(K,304.207).L",True,False
symptomatic_non_covid_vs_covid,3,"K.[229.166]AEFAEVS(K,304.207).L",KAEFAEVSKL,"K.[304.207]AEFAEV(S,31.006)(K,304.207).L",True,False
symptomatic_non_covid_vs_covid,3,"K.[229.166]AEFAEVS(K,304.207).L",KAEFAEVSKL,"K.[304.207]AEFAE(V,30.019)S(K,304.207).L",True,False
symptomatic_non_covid_vs_covid,3,"K.[229.166]AEFAEVS(K,304.207).L",KAEFAEVSKL,"K.[304.207]AEF(A,28.036)EVS(K,304.207).L",True,False
symptomatic_non_covid_vs_covid,3,"K.[229.166]AEFAEVS(K,304.207).L",KAEFAEVSKL,"K.[304.207]AEFAE(V,22.957)S(K,304.207).L",True,False
symptomatic_non_covid_vs_covid,3,"K.[229.166]AEFAEVS(K,304.207).L",KAEFAEVSKL,"K.[304.207]AEFAEVS(K,318.224).L",True,False
symptomatic_non_covid_vs_covid,3,"K.[229.166]AEFAEVS(K,304.207).L",KAEFAEVSKL,"K.[304.207](A,-2.015)EFAEVS(K,304.207).L",True,False
symptomatic_non_covid_vs_covid,3,"K.[229.166]AEFAEVS(K,304.207).L",KAEFAEVSKL,"K.[304.207](A,-12.5)EFAEVS(K,304.207).L",True,False
symptomatic_non_covid_vs_covid,3,"K.[229.166]AEFAEVS(K,304.207).L",KAEFAEVSKL,"K.[304.207]AEFAEV(S,-13.07)(K,304.207).L",True,False
symptomatic_non_covid_vs_covid,3,"K.[229.166]AEFAEVS(K,304.207).L",KAEFAEVSKL,"K.[304.207](A,-14.009)EFAEVS(K,304.207).L",True,False
symptomatic_non_covid_vs_covid,3,"K.[229.166]AEFAEVS(K,304.207).L",KAEFAEVSKL,"K.[304.207]AE(F,-16.019)AEVS(K,304.207).L",True,False
symptomatic_non_covid_vs_covid,3,"K.[229.166]AEFAEVS(K,304.207).L",KAEFAEVSKL,"K.[287.189]AEFAEVS(K,304.207).L",True,False
symptomatic_non_covid_vs_covid,3,"K.[229.166]AEFAEVS(K,304.207).L",KAEFAEVSKL,"K.[304.207]AEFAEV(S,-18.008)(K,304.207).L",True,False
symptomatic_non_covid_vs_covid,3,"K.[229.166]AEFAEVS(K,304.207).L",KAEFAEVSKL,"K.[304.207]AEFAE(V,-18.695)S(K,304.207).L",True,False
symptomatic_non_covid_vs_covid,3,"K.[229.166]AEFAEVS(K,304.207).L",KAEFAEVSKL,"K.[304.207]AEFAE(V,-27.062)S(K,304.207).L",True,False
symptomatic_non_covid_vs_covid,3,"K.[229.166]AEFAEVS(K,304.207).L",KAEFAEVSKL,"K.[271.154]AEFAEVS(K,304.207).L",True,False
symptomatic_non_covid_vs_covid,3,"K.[229.166]AEFAEVS(K,304.207).L",KAEFAEVSKL,"K.[229.166]AEFAEVS(K,304.207).L",True,True
symptomatic_non_covid_vs_covid,3,"K.[229.166]AEFAEVS(K,304.207).L",KAEFAEVSKL,"K.[304.207](A,55.919)EFAEVS(K,304.207).L",True,False
symptomatic_non_covid_vs_covid,3,"K.[229.166]AEFAEVS(K,304.207).L",KAEFAEVSKL,"K.[304.207]AE(F,37.951)AEVS(K,304.207).L",True,False
symptomatic_non_covid_vs_covid,3,"K.[229.166]AEFAEVS(K,304.207).L",KAEFAEVSKL,"K.[304.207]AE(F,21.979)AEVS(K,304.207).L",True,False
symptomatic_non_covid_vs_covid,4,"R.{291.173}[304.207]ILGGHLDA(K,304.207).G",RILGGHLDAKG,"R.[304.207]ILGG(H,19.982)LDA(K,304.207).G",True,False
symptomatic_non_covid_vs_covid,4,"R.{291.173}[304.207]ILGGHLDA(K,304.207).G",RILGGHLDAKG,"R.[304.207]ILGGHLDA(K,304.207).G",True,False
symptomatic_non_covid_vs_covid,4,"R.{291.173}[304.207]ILGGHLDA(K,304.207).G",RILGGHLDAKG,"R.[304.207](I,-4.022)LGGHLDA(K,304.207).G",True,False
symptomatic_non_covid_vs_covid,4,"R.{291.173}[304.207]ILGGHLDA(K,304.207).G",RILGGHLDAKG,"R.[304.207](I,-57.064)LGGHLDA(K,304.207).G",True,False
symptomatic_non_covid_vs_covid,4,"R.{291.173}[304.207]ILGGHLDA(K,304.207).G",RILGGHLDAKG,"R.[304.207](I,309.162)LGGHLDA(K,304.207).G",True,False
symptomatic_non_covid_vs_covid,4,"R.{291.173}[304.207]ILGGHLDA(K,304.207).G",RILGGHLDAKG,"R.{117.021}[304.207]ILGGHLDA(K,304.207).G",True,False
symptomatic_non_covid_vs_covid,4,"R.{291.173}[304.207]ILGGHLDA(K,304.207).G",RILGGHLDAKG,"R.[304.207]ILGGHLD(A,115.545)(K,304.207).G",True,False
symptomatic_non_covid_vs_covid,4,"R.{291.173}[304.207]ILGGHLDA(K,304.207).G",RILGGHLDAKG,"R.{97.923}[304.207]ILGGHLDA(K,304.207).G",True,False
symptomatic_non_covid_vs_covid,4,"R.{291.173}[304.207]ILGGHLDA(K,304.207).G",RILGGHLDAKG,"R.{55.917}[304.207]ILGGHLDA(K,304.207).G",True,False
symptomatic_non_covid_vs_covid,4,"R.{291.173}[304.207]ILGGHLDA(K,304.207).G",RILGGHLDAKG,"R.{15.999}[304.207]ILGGHLDA(K,304.207).G",True,False
symptomatic_non_covid_vs_covid,4,"R.{291.173}[304.207]ILGGHLDA(K,304.207).G",RILGGHLDAKG,"R.[304.207](I,15.015)LGGHLDA(K,304.207).G",True,False
symptomatic_non_covid_vs_covid,4,"R.{291.173}[304.207]ILGGHLDA(K,304.207).G",RILGGHLDAKG,"R.[304.207](I,14.019)LGGHLDA(K,304.207).G",True,False
symptomatic_non_covid_vs_covid,4,"R.{291.173}[304.207]ILGGHLDA(K,304.207).G",RILGGHLDAKG,"R.[304.207](I,-2.01)LGGHLDA(K,304.207).G",True,False
symptomatic_non_covid_vs_covid,4,"R.{291.173}[304.207]ILGGHLDA(K,304.207).G",RILGGHLDAKG,"R.[304.207]ILGGHLDA(K,286.192).G",True,False
symptomatic_non_covid_vs_covid,4,"R.{291.173}[304.207]ILGGHLDA(K,304.207).G",RILGGHLDAKG,"R.{291.173}[304.207]ILGGHLDA(K,304.207).G",True,True
symptomatic_non_covid_vs_covid,4,"R.{291.173}[304.207]ILGGHLDA(K,304.207).G",RILGGHLDAKG,"R.{238.061}[304.207]ILGGHLDA(K,304.207).G",True,False
symptomatic_non_covid_vs_covid,4,"R.{291.173}[304.207]ILGGHLDA(K,304.207).G",RILGGHLDAKG,"R.[304.207](I,180.737)LGGHLDA(K,304.207).G",True,False
symptomatic_non_covid_vs_covid,4,"R.{291.173}[304.207]ILGGHLDA(K,304.207).G",RILGGHLDAKG,"R.[304.207](I,162.049)LGGHLDA(K,304.207).G",True,False
symptomatic_non_covid_vs_covid,4,"R.{291.173}[304.207]ILGGHLDA(K,304.207).G",RILGGHLDAKG,"R.[304.207](I,104.709)LGGHLDA(K,304.207).G",True,False
symptomatic_non_covid_vs_covid,5,"K.[304.207]SLHTLFGD(K,332.213)L(C,57.021)TVA.T",KSLHTLFGDKLCTVAT,"K.[304.207]SLHTLFGD(K,351.665)L(C,57.021)TVA.T",True,False
symptomatic_non_covid_vs_covid,5,"K.[304.207]SLHTLFGD(K,332.213)L(C,57.021)TVA.T",KSLHTLFGDKLCTVAT,"K.[304.207]SLHTLFGD(K,338.246)L(C,57.021)TVA.T",True,False
symptomatic_non_covid_vs_covid,5,"K.[304.207]SLHTLFGD(K,332.213)L(C,57.021)TVA.T",KSLHTLFGDKLCTVAT,"K.[304.207]SLHTLFGD(K,332.213)L(C,57.021)TVA.T",True,True
symptomatic_non_covid_vs_covid,5,"K.[304.207]SLHTLFGD(K,332.213)L(C,57.021)TVA.T",KSLHTLFGDKLCTVAT,"K.[304.207]SLHTLFGD(K,330.707)L(C,57.021)TVA.T",True,False
symptomatic_non_covid_vs_covid,5,"K.[304.207]SLHTLFGD(K,332.213)L(C,57.021)TVA.T",KSLHTLFGDKLCTVAT,"K.[304.207]SLHTLFGD(K,304.207)L(C,57.021)TVA.T",True,False
symptomatic_non_covid_vs_covid,5,"K.[304.207]SLHTLFGD(K,332.213)L(C,57.021)TVA.T",KSLHTLFGDKLCTVAT,"K.[304.207]SLHTLFGD(K,179.123)L(C,57.021)TVA.T",True,False
symptomatic_non_covid_vs_covid,6,"K.[304.207]LVD(K,304.207)FLED(V,272.169)(K,304.207).K",KLVDKFLEDVKK,"K.[304.207]LVD(K,304.207)FLED(V,276.182)(K,304.207).K",True,False
symptomatic_non_covid_vs_covid,6,"K.[304.207]LVD(K,304.207)FLED(V,272.169)(K,304.207).K",KLVDKFLEDVKK,"K.[304.207]LVD(K,304.207)FLED(V,272.169)(K,304.207).K",True,True
symptomatic_non_covid_vs_covid,6,"K.[304.207]LVD(K,304.207)FLED(V,272.169)(K,304.207).K",KLVDKFLEDVKK,"K.{261.594}[304.207]LVD(K,304.207)FLEDV(K,304.207).K",True,False
symptomatic_non_covid_vs_covid,6,"K.[304.207]LVD(K,304.207)FLED(V,272.169)(K,304.207).K",KLVDKFLEDVKK,"K.{234.579}[304.207]LVD(K,304.207)FLEDV(K,304.207).K",True,False
symptomatic_non_covid_vs_covid,6,"K.[304.207]LVD(K,304.207)FLED(V,272.169)(K,304.207).K",KLVDKFLEDVKK,"K.[304.207]LVD(K,342.157)FLEDV(K,304.207).K",True,False
symptomatic_non_covid_vs_covid,6,"K.[304.207]LVD(K,304.207)FLED(V,272.169)(K,304.207).K",KLVDKFLEDVKK,"K.[304.207]LVD(K,304.207)FL(E,15.021)DV(K,304.207).K",True,False
symptomatic_non_covid_vs_covid,6,"K.[304.207]LVD(K,304.207)FLED(V,272.169)(K,304.207).K",KLVDKFLEDVKK,"K.[304.207]LVD(K,304.207)FLEDV(K,489.33).K",True,False
symptomatic_non_covid_vs_covid,6,"K.[304.207]LVD(K,304.207)FLED(V,272.169)(K,304.207).K",KLVDKFLEDVKK,"K.[304.207]LVD(K,304.207)FLEDV(K,304.207).K",True,False
symptomatic_non_covid_vs_covid,6,"K.[304.207]LVD(K,304.207)FLED(V,272.169)(K,304.207).K",KLVDKFLEDVKK,"K.[304.207]LVD(K,304.207)FLE(D,-18.001)V(K,304.207).K",True,False
symptomatic_non_covid_vs_covid,6,"K.[304.207]LVD(K,304.207)FLED(V,272.169)(K,304.207).K",KLVDKFLEDVKK,"K.[304.207]LVD(K,304.207)FLEDV(K,225.798).K",True,False
symptomatic_non_covid_vs_covid,6,"K.[304.207]LVD(K,304.207)FLED(V,272.169)(K,304.207).K",KLVDKFLEDVKK,"K.[304.207]LVD(K,304.207)F(L,21.984)EDV(K,304.207).K",True,False
symptomatic_non_covid_vs_covid,7,"R.[304.207](F,-57.06)(K,304.207)DLGEENF(K,304.207).A",RFKDLGEENFKA,"R.[304.207]F(K,304.207)DLGEE(N,0.984)F(K,304.207).A",True,False
symptomatic_non_covid_vs_covid,7,"R.[304.207](F,-57.06)(K,304.207)DLGEENF(K,304.207).A",RFKDLGEENFKA,"R.{214.977}[304.207]F(K,304.207)DLGEENF(K,304.207).A",True,False
symptomatic_non_covid_vs_covid,7,"R.[304.207](F,-57.06)(K,304.207)DLGEENF(K,304.207).A",RFKDLGEENFKA,"R.{60.042}[304.207]F(K,304.207)DLGEENF(K,304.207).A",True,False
symptomatic_non_covid_vs_covid,7,"R.[304.207](F,-57.06)(K,304.207)DLGEENF(K,304.207).A",RFKDLGEENFKA,"R.{56.070}[304.207]F(K,304.207)DLGEENF(K,304.207).A",True,False
symptomatic_non_covid_vs_covid,7,"R.[304.207](F,-57.06)(K,304.207)DLGEENF(K,304.207).A",RFKDLGEENFKA,"R.{43.014}[304.207]F(K,304.207)DLGEENF(K,304.207).A",True,False
symptomatic_non_covid_vs_covid,7,"R.[304.207](F,-57.06)(K,304.207)DLGEENF(K,304.207).A",RFKDLGEENFKA,"R.[304.207](F,42.609)(K,304.207)DLGEENF(K,304.207).A",True,False
symptomatic_non_covid_vs_covid,7,"R.[304.207](F,-57.06)(K,304.207)DLGEENF(K,304.207).A",RFKDLGEENFKA,"R.{40.044}[304.207]F(K,304.207)DLGEENF(K,304.207).A",True,False
symptomatic_non_covid_vs_covid,7,"R.[304.207](F,-57.06)(K,304.207)DLGEENF(K,304.207).A",RFKDLGEENFKA,"R.[304.207]F(K,304.207)DLGEENF(K,336.202).A",True,False
symptomatic_non_covid_vs_covid,7,"R.[304.207](F,-57.06)(K,304.207)DLGEENF(K,304.207).A",RFKDLGEENFKA,"R.{30.018}[304.207]F(K,304.207)DLGEENF(K,304.207).A",True,False
symptomatic_non_covid_vs_covid,7,"R.[304.207](F,-57.06)(K,304.207)DLGEENF(K,304.207).A",RFKDLGEENFKA,"R.{26.958}[304.207]F(K,304.207)DLGEENF(K,304.207).A",True,False
symptomatic_non_covid_vs_covid,7,"R.[304.207](F,-57.06)(K,304.207)DLGEENF(K,304.207).A",RFKDLGEENFKA,"R.[304.207]F(K,304.207)DLGEENF(K,318.193).A",True,False
symptomatic_non_covid_vs_covid,7,"R.[304.207](F,-57.06)(K,304.207)DLGEENF(K,304.207).A",RFKDLGEENFKA,"R.[304.207](F,12.978)(K,304.207)DLGEENF(K,304.207).A",True,False
symptomatic_non_covid_vs_covid,7,"R.[304.207](F,-57.06)(K,304.207)DLGEENF(K,304.207).A",RFKDLGEENFKA,"R.[304.207](F,12.747)(K,304.207)DLGEENF(K,304.207).A",True,False
symptomatic_non_covid_vs_covid,7,"R.[304.207](F,-57.06)(K,304.207)DLGEENF(K,304.207).A",RFKDLGEENFKA,"R.[304.207](F,10.068)(K,304.207)DLGEENF(K,304.207).A",True,False
symptomatic_non_covid_vs_covid,7,"R.[304.207](F,-57.06)(K,304.207)DLGEENF(K,304.207).A",RFKDLGEENFKA,"R.[304.207](F,-6.039)(K,304.207)DLGEENF(K,304.207).A",True,False
symptomatic_non_covid_vs_covid,7,"R.[304.207](F,-57.06)(K,304.207)DLGEENF(K,304.207).A",RFKDLGEENFKA,"R.[304.207](F,-13.032)(K,304.207)DLGEENF(K,304.207).A",True,False
symptomatic_non_covid_vs_covid,7,"R.[304.207](F,-57.06)(K,304.207)DLGEENF(K,304.207).A",RFKDLGEENFKA,"R.[304.207](F,-13.068)(K,304.207)DLGEENF(K,304.207).A",True,False
symptomatic_non_covid_vs_covid,7,"R.[304.207](F,-57.06)(K,304.207)DLGEENF(K,304.207).A",RFKDLGEENFKA,"R.[304.207]F(K,304.207)DLGEE(N,-17.019)F(K,304.207).A",True,False
symptomatic_non_covid_vs_covid,7,"R.[304.207](F,-57.06)(K,304.207)DLGEENF(K,304.207).A",RFKDLGEENFKA,"R.[304.207]F(K,304.207)DLGEENF(K,277.147).A",True,False
symptomatic_non_covid_vs_covid,7,"R.[304.207](F,-57.06)(K,304.207)DLGEENF(K,304.207).A",RFKDLGEENFKA,"R.[304.207](F,-28.089)(K,304.207)DLGEENF(K,304.207).A",True,False
symptomatic_non_covid_vs_covid,7,"R.[304.207](F,-57.06)(K,304.207)DLGEENF(K,304.207).A",RFKDLGEENFKA,"R.[304.207](F,-42.126)(K,304.207)DLGEENF(K,304.207).A",True,False
symptomatic_non_covid_vs_covid,7,"R.[304.207](F,-57.06)(K,304.207)DLGEENF(K,304.207).A",RFKDLGEENFKA,"R.[304.207](F,-44.085)(K,304.207)DLGEENF(K,304.207).A",True,False
symptomatic_non_covid_vs_covid,7,"R.[304.207](F,-57.06)(K,304.207)DLGEENF(K,304.207).A",RFKDLGEENFKA,"R.[304.207](F,-57.06)(K,304.207)DLGEENF(K,304.207).A",True,True
symptomatic_non_covid_vs_covid,7,"R.[304.207](F,-57.06)(K,304.207)DLGEENF(K,304.207).A",RFKDLGEENFKA,"R.[196.054]F(K,304.207)DLGEENF(K,304.207).A",True,False
symptomatic_non_covid_vs_covid,7,"R.[304.207](F,-57.06)(K,304.207)DLGEENF(K,304.207).A",RFKDLGEENFKA,"R.[178.060]F(K,304.207)DLGEENF(K,304.207).A",True,False
symptomatic_non_covid_vs_covid,7,"R.[304.207](F,-57.06)(K,304.207)DLGEENF(K,304.207).A",RFKDLGEENFKA,"R.[177.067]F(K,304.207)DLGEENF(K,304.207).A",True,False
symptomatic_non_covid_vs_covid,7,"R.[304.207](F,-57.06)(K,304.207)DLGEENF(K,304.207).A",RFKDLGEENFKA,"R.{290.172}[304.207]F(K,304.207)DLGEENF(K,304.207).A",True,False
symptomatic_non_covid_vs_covid,7,"R.[304.207](F,-57.06)(K,304.207)DLGEENF(K,304.207).A",RFKDLGEENFKA,"R.{55.868}[304.207]F(K,304.207)DLGEENF(K,304.207).A",True,False
symptomatic_non_covid_vs_covid,7,"R.[304.207](F,-57.06)(K,304.207)DLGEENF(K,304.207).A",RFKDLGEENFKA,"R.{12.004}[304.207]F(K,304.207)DLGEENF(K,304.207).A",True,False
symptomatic_non_covid_vs_covid,7,"R.[304.207](F,-57.06)(K,304.207)DLGEENF(K,304.207).A",RFKDLGEENFKA,"R.[304.207]F(K,361.233)DLGEENF(K,304.207).A",True,False
symptomatic_non_covid_vs_covid,7,"R.[304.207](F,-57.06)(K,304.207)DLGEENF(K,304.207).A",RFKDLGEENFKA,"R.[304.207]F(K,304.207)DLGE(E,21.982)NF(K,304.207).A",True,False
symptomatic_non_covid_vs_covid,7,"R.[304.207](F,-57.06)(K,304.207)DLGEENF(K,304.207).A",RFKDLGEENFKA,"R.{20.980}[304.207]F(K,304.207)DLGEENF(K,304.207).A",True,False
symptomatic_non_covid_vs_covid,7,"R.[304.207](F,-57.06)(K,304.207)DLGEENF(K,304.207).A",RFKDLGEENFKA,"R.{16.004}[304.207]F(K,304.207)DLGEENF(K,304.207).A",True,False
symptomatic_non_covid_vs_covid,7,"R.[304.207](F,-57.06)(K,304.207)DLGEENF(K,304.207).A",RFKDLGEENFKA,"R.[304.207]F(K,304.207)DLGEE(N,15.996)F(K,304.207).A",True,False
symptomatic_non_covid_vs_covid,7,"R.[304.207](F,-57.06)(K,304.207)DLGEENF(K,304.207).A",RFKDLGEENFKA,"R.[304.207]F(K,304.207)D(L,15.018)GEENF(K,304.207).A",True,False
symptomatic_non_covid_vs_covid,7,"R.[304.207](F,-57.06)(K,304.207)DLGEENF(K,304.207).A",RFKDLGEENFKA,"R.{14.012}[304.207]F(K,304.207)DLGEENF(K,304.207).A",True,False
symptomatic_non_covid_vs_covid,7,"R.[304.207](F,-57.06)(K,304.207)DLGEENF(K,304.207).A",RFKDLGEENFKA,"R.[304.207]F(K,304.207)DLGEENF(K,304.207).A",True,False
symptomatic_non_covid_vs_covid,7,"R.[304.207](F,-57.06)(K,304.207)DLGEENF(K,304.207).A",RFKDLGEENFKA,"R.[304.207]F(K,302.197)DLGEENF(K,304.207).A",True,False
symptomatic_non_covid_vs_covid,7,"R.[304.207](F,-57.06)(K,304.207)DLGEENF(K,304.207).A",RFKDLGEENFKA,"R.[304.207]F(K,300.179)DLGEENF(K,304.207).A",True,False
symptomatic_non_covid_vs_covid,7,"R.[304.207](F,-57.06)(K,304.207)DLGEENF(K,304.207).A",RFKDLGEENFKA,"R.[304.207]F(K,304.207)DLGEEN(F,-18.024)(K,304.207).A",True,False
symptomatic_non_covid_vs_covid,7,"R.[304.207](F,-57.06)(K,304.207)DLGEENF(K,304.207).A",RFKDLGEENFKA,"R.[304.207](F,-58.068)(K,304.207)DLGEENF(K,304.207).A",True,False
symptomatic_non_covid_vs_covid,7,"R.[304.207](F,-57.06)(K,304.207)DLGEENF(K,304.207).A",RFKDLGEENFKA,"R.[304.207]F(K,244.129)DLGEENF(K,304.207).A",True,False
symptomatic_non_covid_vs_covid,7,"R.[304.207](F,-57.06)(K,304.207)DLGEENF(K,304.207).A",RFKDLGEENFKA,"R.[304.207]F(K,220.065)DLGEENF(K,304.207).A",True,False
symptomatic_non_covid_vs_covid,8,"K.[304.207]AEFAEV(S,31.006)(K,304.207).L",KAEFAEVSKL,"K.[304.207]AEFAEV(S,87.011)(K,304.207).L",True,False
symptomatic_non_covid_vs_covid,8,"K.[304.207]AEFAEV(S,31.006)(K,304.207).L",KAEFAEVSKL,"K.{76.022}[304.207]AEFAEVS(K,304.207).L",True,False
symptomatic_non_covid_vs_covid,8,"K.[304.207]AEFAEV(S,31.006)(K,304.207).L",KAEFAEVSKL,"K.{57.025}[304.207]AEFAEVS(K,304.207).L",True,False
symptomatic_non_covid_vs_covid,8,"K.[304.207]AEFAEV(S,31.006)(K,304.207).L",KAEFAEVSKL,"K.{55.704}[304.207]AEFAEVS(K,304.207).L",True,False
symptomatic_non_covid_vs_covid,8,"K.[304.207]AEFAEV(S,31.006)(K,304.207).L",KAEFAEVSKL,"K.[304.207]AEFAEVS(K,347.201).L",True,False
symptomatic_non_covid_vs_covid,8,"K.[304.207]AEFAEV(S,31.006)(K,304.207).L",KAEFAEVSKL,"K.[304.207](A,41.987)EFAEVS(K,304.207).L",True,False
symptomatic_non_covid_vs_covid,8,"K.[304.207]AEFAEV(S,31.006)(K,304.207).L",KAEFAEVSKL,"K.[304.207]AEFAEVS(K,345.193).L",True,False
symptomatic_non_covid_vs_covid,8,"K.[304.207]AEFAEV(S,31.006)(K,304.207).L",KAEFAEVSKL,"K.{40.035}[304.207]AEFAEVS(K,304.207).L",True,False
symptomatic_non_covid_vs_covid,8,"K.[304.207]AEFAEV(S,31.006)(K,304.207).L",KAEFAEVSKL,"K.[304.207](A,39.893)EFAEVS(K,304.207).L",True,False
symptomatic_non_covid_vs_covid,8,"K.[304.207]AEFAEV(S,31.006)(K,304.207).L",KAEFAEVSKL,"K.{31.009}[304.207]AEFAEVS(K,304.207).L",True,False
symptomatic_non_covid_vs_covid,8,"K.[304.207]AEFAEV(S,31.006)(K,304.207).L",KAEFAEVSKL,"K.{17.689}[304.207]AEFAEVS(K,304.207).L",True,False
symptomatic_non_covid_vs_covid,8,"K.[304.207]AEFAEV(S,31.006)(K,304.207).L",KAEFAEVSKL,"K.[304.207]AE(F,16)AEVS(K,304.207).L",True,False
symptomatic_non_covid_vs_covid,8,"K.[304.207]AEFAEV(S,31.006)(K,304.207).L",KAEFAEVSKL,"K.{15.993}[304.207]AEFAEVS(K,304.207).L",True,False
symptomatic_non_covid_vs_covid,8,"K.[304.207]AEFAEV(S,31.006)(K,304.207).L",KAEFAEVSKL,"K.{15.001}[304.207]AEFAEVS(K,304.207).L",True,False
symptomatic_non_covid_vs_covid,8,"K.[304.207]AEFAEV(S,31.006)(K,304.207).L",KAEFAEVSKL,"K.[304.207]AE(F,15.016)AEVS(K,304.207).L",True,False
symptomatic_non_covid_vs_covid,8,"K.[304.207]AEFAEV(S,31.006)(K,304.207).L",KAEFAEVSKL,"K.[304.207](A,13.983)EFAEVS(K,304.207).L",True,False
symptomatic_non_covid_vs_covid,8,"K.[304.207]AEFAEV(S,31.006)(K,304.207).L",KAEFAEVSKL,"K.{12.991}[304.207]AEFAEVS(K,304.207).L",True,False
symptomatic_non_covid_vs_covid,8,"K.[304.207]AEFAEV(S,31.006)(K,304.207).L",KAEFAEVSKL,"K.{4.929}[304.207]AEFAEVS(K,304.207).L",True,False
symptomatic_non_covid_vs_covid,8,"K.[304.207]AEFAEV(S,31.006)(K,304.207).L",KAEFAEVSKL,"K.{3.925}[304.207]AEFAEVS(K,304.207).L",True,False
symptomatic_non_covid_vs_covid,8,"K.[304.207]AEFAEV(S,31.006)(K,304.207).L",KAEFAEVSKL,"K.[304.207]AEFAEVS(K,304.207).L",True,False
symptomatic_non_covid_vs_covid,8,"K.[304.207]AEFAEV(S,31.006)(K,304.207).L",KAEFAEVSKL,"K.[304.207]AEFA(E,-9.019)VS(K,304.207).L",True,False
symptomatic_non_covid_vs_covid,8,"K.[304.207]AEFAEV(S,31.006)(K,304.207).L",KAEFAEVSKL,"K.[304.207]AEFAEV(S,-10.635)(K,304.207).L",True,False
symptomatic_non_covid_vs_covid,8,"K.[304.207]AEFAEV(S,31.006)(K,304.207).L",KAEFAEVSKL,"K.[276.123]AEFAEVS(K,304.207).L",True,False
symptomatic_non_covid_vs_covid,8,"K.[304.207]AEFAEV(S,31.006)(K,304.207).L",KAEFAEVSKL,"K.[304.207]AEFAEVS(K,260.213).L",True,False
symptomatic_non_covid_vs_covid,8,"K.[304.207]AEFAEV(S,31.006)(K,304.207).L",KAEFAEVSKL,"K.[304.207]AEFAEVS(K,259.187).L",True,False
symptomatic_non_covid_vs_covid,8,"K.[304.207]AEFAEV(S,31.006)(K,304.207).L",KAEFAEVSKL,"K.[248.143]AEFAEVS(K,304.207).L",True,False
symptomatic_non_covid_vs_covid,8,"K.[304.207]AEFAEV(S,31.006)(K,304.207).L",KAEFAEVSKL,"K.[247.143]AEFAEVS(K,304.207).L",True,False
symptomatic_non_covid_vs_covid,8,"K.[304.207]AEFAEV(S,31.006)(K,304.207).L",KAEFAEVSKL,"K.[246.137]AEFAEVS(K,304.207).L",True,False
symptomatic_non_covid_vs_covid,8,"K.[304.207]AEFAEV(S,31.006)(K,304.207).L",KAEFAEVSKL,"K.[304.207]AEFAEVS(K,190.013).L",True,False
symptomatic_non_covid_vs_covid,8,"K.[304.207]AEFAEV(S,31.006)(K,304.207).L",KAEFAEVSKL,"K.{329.623}[304.207]AEFAEVS(K,304.207).L",True,False
symptomatic_non_covid_vs_covid,8,"K.[304.207]AEFAEV(S,31.006)(K,304.207).L",KAEFAEVSKL,"K.{327.421}[304.207]AEFAEVS(K,304.207).L",True,False
symptomatic_non_covid_vs_covid,8,"K.[304.207]AEFAEV(S,31.006)(K,304.207).L",KAEFAEVSKL,"K.[304.207](A,291.169)EFAEVS(K,304.207).L",True,False
symptomatic_non_covid_vs_covid,8,"K.[304.207]AEFAEV(S,31.006)(K,304.207).L",KAEFAEVSKL,"K.[304.207]AEFAEV(S,287.617)(K,304.207).L",True,False
symptomatic_non_covid_vs_covid,8,"K.[304.207]AEFAEV(S,31.006)(K,304.207).L",KAEFAEVSKL,"K.{286.114}[304.207]AEFAEVS(K,304.207).L",True,False
symptomatic_non_covid_vs_covid,8,"K.[304.207]AEFAEV(S,31.006)(K,304.207).L",KAEFAEVSKL,"K.[304.207]AEFAEV(S,260.608)(K,304.207).L",True,False
symptomatic_non_covid_vs_covid,8,"K.[304.207]AEFAEV(S,31.006)(K,304.207).L",KAEFAEVSKL,"K.[304.207](A,181.057)EFAEVS(K,304.207).L",True,False
symptomatic_non_covid_vs_covid,8,"K.[304.207]AEFAEV(S,31.006)(K,304.207).L",KAEFAEVSKL,"K.[304.207]AEFAE(V,70.03)S(K,304.207).L",True,False
symptomatic_non_covid_vs_covid,8,"K.[304.207]AEFAEV(S,31.006)(K,304.207).L",KAEFAEVSKL,"K.{65.926}[304.207]AEFAEVS(K,304.207).L",True,False
symptomatic_non_covid_vs_covid,8,"K.[304.207]AEFAEV(S,31.006)(K,304.207).L",KAEFAEVSKL,"K.{64.924}[304.207]AEFAEVS(K,304.207).L",True,False
symptomatic_non_covid_vs_covid,8,"K.[304.207]AEFAEV(S,31.006)(K,304.207).L",KAEFAEVSKL,"K.{62.920}[304.207]AEFAEVS(K,304.207).L",True,False
symptomatic_non_covid_vs_covid,8,"K.[304.207]AEFAEV(S,31.006)(K,304.207).L",KAEFAEVSKL,"K.[304.207]AEFAEV(S,60.04)(K,304.207).L",True,False
symptomatic_non_covid_vs_covid,8,"K.[304.207]AEFAEV(S,31.006)(K,304.207).L",KAEFAEVSKL,"K.[304.207]AEFAEV(S,57.025)(K,304.207).L",True,False
symptomatic_non_covid_vs_covid,8,"K.[304.207]AEFAEV(S,31.006)(K,304.207).L",KAEFAEVSKL,"K.{56.932}[304.207]AEFAEVS(K,304.207).L",True,False
symptomatic_non_covid_vs_covid,8,"K.[304.207]AEFAEV(S,31.006)(K,304.207).L",KAEFAEVSKL,"K.{54.916}[304.207]AEFAEVS(K,304.207).L",True,False
symptomatic_non_covid_vs_covid,8,"K.[304.207]AEFAEV(S,31.006)(K,304.207).L",KAEFAEVSKL,"K.{43.966}[304.207]AEFAEVS(K,304.207).L",True,False
symptomatic_non_covid_vs_covid,8,"K.[304.207]AEFAEV(S,31.006)(K,304.207).L",KAEFAEVSKL,"K.{42.958}[304.207]AEFAEVS(K,304.207).L",True,False
symptomatic_non_covid_vs_covid,8,"K.[304.207]AEFAEV(S,31.006)(K,304.207).L",KAEFAEVSKL,"K.[304.207](A,42.052)EFAEVS(K,304.207).L",True,False
symptomatic_non_covid_vs_covid,8,"K.[304.207]AEFAEV(S,31.006)(K,304.207).L",KAEFAEVSKL,"K.{37.951}[304.207]AEFAEVS(K,304.207).L",True,False
symptomatic_non_covid_vs_covid,8,"K.[304.207]AEFAEV(S,31.006)(K,304.207).L",KAEFAEVSKL,"K.[304.207]AEFAEV(S,31.006)(K,304.207).L",True,True
symptomatic_non_covid_vs_covid,8,"K.[304.207]AEFAEV(S,31.006)(K,304.207).L",KAEFAEVSKL,"K.[304.207]AEFAE(V,30.019)S(K,304.207).L",True,False
symptomatic_non_covid_vs_covid,8,"K.[304.207]AEFAEV(S,31.006)(K,304.207).L",KAEFAEVSKL,"K.[304.207]AEF(A,28.036)EVS(K,304.207).L",True,False
symptomatic_non_covid_vs_covid,8,"K.[304.207]AEFAEV(S,31.006)(K,304.207).L",KAEFAEVSKL,"K.[304.207]AEFAE(V,22.957)S(K,304.207).L",True,False
symptomatic_non_covid_vs_covid,8,"K.[304.207]AEFAEV(S,31.006)(K,304.207).L",KAEFAEVSKL,"K.[304.207]AEFAEVS(K,318.224).L",True,False
symptomatic_non_covid_vs_covid,8,"K.[304.207]AEFAEV(S,31.006)(K,304.207).L",KAEFAEVSKL,"K.[304.207](A,-2.015)EFAEVS(K,304.207).L",True,False
symptomatic_non_covid_vs_covid,8,"K.[304.207]AEFAEV(S,31.006)(K,304.207).L",KAEFAEVSKL,"K.[304.207](A,-12.5)EFAEVS(K,304.207).L",True,False
symptomatic_non_covid_vs_covid,8,"K.[304.207]AEFAEV(S,31.006)(K,304.207).L",KAEFAEVSKL,"K.[304.207]AEFAEV(S,-13.07)(K,304.207).L",True,False
symptomatic_non_covid_vs_covid,8,"K.[304.207]AEFAEV(S,31.006)(K,304.207).L",KAEFAEVSKL,"K.[304.207](A,-14.009)EFAEVS(K,304.207).L",True,False
symptomatic_non_covid_vs_covid,8,"K.[304.207]AEFAEV(S,31.006)(K,304.207).L",KAEFAEVSKL,"K.[304.207]AE(F,-16.019)AEVS(K,304.207).L",True,False
symptomatic_non_covid_vs_covid,8,"K.[304.207]AEFAEV(S,31.006)(K,304.207).L",KAEFAEVSKL,"K.[287.189]AEFAEVS(K,304.207).L",True,False
symptomatic_non_covid_vs_covid,8,"K.[304.207]AEFAEV(S,31.006)(K,304.207).L",KAEFAEVSKL,"K.[304.207]AEFAEV(S,-18.008)(K,304.207).L",True,False
symptomatic_non_covid_vs_covid,8,"K.[304.207]AEFAEV(S,31.006)(K,304.207).L",KAEFAEVSKL,"K.[304.207]AEFAE(V,-18.695)S(K,304.207).L",True,False
symptomatic_non_covid_vs_covid,8,"K.[304.207]AEFAEV(S,31.006)(K,304.207).L",KAEFAEVSKL,"K.[304.207]AEFAE(V,-27.062)S(K,304.207).L",True,False
symptomatic_non_covid_vs_covid,8,"K.[304.207]AEFAEV(S,31.006)(K,304.207).L",KAEFAEVSKL,"K.[271.154]AEFAEVS(K,304.207).L",True,False
symptomatic_non_covid_vs_covid,8,"K.[304.207]AEFAEV(S,31.006)(K,304.207).L",KAEFAEVSKL,"K.[229.166]AEFAEVS(K,304.207).L",True,False
symptomatic_non_covid_vs_covid,8,"K.[304.207]AEFAEV(S,31.006)(K,304.207).L",KAEFAEVSKL,"K.[304.207](A,55.919)EFAEVS(K,304.207).L",True,False
symptomatic_non_covid_vs_covid,8,"K.[304.207]AEFAEV(S,31.006)(K,304.207).L",KAEFAEVSKL,"K.[304.207]AE(F,37.951)AEVS(K,304.207).L",True,False
symptomatic_non_covid_vs_covid,8,"K.[304.207]AEFAEV(S,31.006)(K,304.207).L",KAEFAEVSKL,"K.[304.207]AE(F,21.979)AEVS(K,304.207).L",True,False
symptomatic_non_covid_vs_covid,9,"K.[304.207](C,57.021)(C,57.021)AAADPHE.C",KCCAAADPHEC,"K.[304.207](C,57.021)(C,57.021)AAADPHE.C",True,True
symptomatic_non_covid_vs_covid,9,"K.[304.207](C,57.021)(C,57.021)AAADPHE.C",KCCAAADPHEC,"K.[304.207](C,57.021)(C,57.021)AAADP(H,-0.982)E.C",True,False
symptomatic_non_covid_vs_covid,9,"K.[304.207](C,57.021)(C,57.021)AAADPHE.C",KCCAAADPHEC,"K.[304.207](C,57.021)(C,57.021)AAADP(H,-33.008)E.C",True,False
symptomatic_non_covid_vs_covid,10,"K.[304.207]GTV(N,49.023)LTWSRA.S",KGTVNLTWSRAS,"K.[304.207]GTV(N,49.023)LTWSRA.S",True,True
