fold,best_n_estimators,best_max_depth,best_min_samples_split,best_min_samples_leaf,best_max_features,val_accuracy,val_balanced_accuracy,val_f1,val_roc_auc,val_auprc
0,200,3,2,5,sqrt,0.6666666666666666,0.5340909090909092,0.782608695652174,0.75,0.9219502719502719
1,200,3,2,5,sqrt,0.8,0.625,0.88,0.9090909090909091,0.9722550177095632
2,200,3,2,3,sqrt,0.7857142857142857,0.5,0.88,0.9393939393939393,0.986013986013986
3,200,3,2,3,sqrt,0.9285714285714286,0.8333333333333333,0.9565217391304348,1.0,1.0
4,200,3,2,5,sqrt,0.7857142857142857,0.625,0.8695652173913043,0.8250000000000001,0.9351301476301476
