fold,best_loss,best_C,val_accuracy,val_balanced_accuracy,val_f1,val_roc_auc,val_auprc
0,squared_hinge,0.01,0.7333333333333333,0.8181818181818181,0.7777777777777778,0.7727272727272727,0.9258953168044077
1,hinge,0.01,0.7333333333333333,0.8181818181818181,0.7777777777777778,1.0,1.0
2,hinge,0.01,0.7857142857142857,0.8636363636363636,0.8421052631578947,1.0,1.0
3,hinge,0.01,1.0,1.0,1.0,1.0,1.0
4,squared_hinge,0.001,0.6428571428571429,0.75,0.6666666666666666,0.8,0.9296356421356421
