fold,n_estimators,learning_rate,max_depth,min_child_weight,subsample,colsample_bytree,reg_lambda,reg_alpha,gamma,scale_pos_weight,val_accuracy,val_balanced_accuracy,val_f1,val_roc_auc,val_auprc
0,1000,0.03,5,2.0,0.85,0.5,1.0,0.0,0.5,1.5,0.6666666666666666,0.5340909090909092,0.782608695652174,0.7954545454545454,0.9368131868131868
1,500,0.05,4,2.0,1.0,1.0,1.0,0.0,1.0,1.5,0.8666666666666667,0.75,0.9166666666666666,0.9545454545454546,0.984159779614325
2,1000,0.05,4,2.0,0.85,0.7,1.0,0.0,0.0,1.0,0.9285714285714286,0.8333333333333333,0.9565217391304348,1.0,1.0
3,2000,0.05,4,2.0,1.0,0.5,10.0,0.1,0.5,1.0,0.9285714285714286,0.8333333333333333,0.9565217391304348,0.9090909090909092,0.9757575757575757
4,2000,0.03,3,1.0,1.0,0.5,5.0,0.1,0.0,1.0,0.8571428571428571,0.75,0.9090909090909091,0.925,0.9733333333333333
