fold,learning_rate,max_depth,min_child_weight,subsample,colsample_bytree,reg_lambda,reg_alpha,gamma,scale_pos_weight,val_accuracy,val_balanced_accuracy,val_f1,val_roc_auc,val_auprc,val_threshold
0,0.03,2,2.0,1.0,0.6,0.0,1.0,5.0,1.5,0.7333333333333333,0.5,0.8461538461538461,0.8636363636363635,0.9385614385614386,0.6
1,0.1,8,1.0,1.0,0.3,5.0,0.5,0.5,1.0,0.8,0.625,0.88,1.0,0.9999999999999999,0.6
2,0.1,2,2.0,0.85,0.6,0.0,0.0,1.0,1.5,0.7857142857142857,0.5,0.88,1.0,1.0,0.5499999999999999
3,0.1,4,2.0,1.0,0.4,0.0,0.5,2.0,1.0,0.9285714285714286,0.8333333333333333,0.9565217391304348,1.0,1.0,0.575
4,0.1,4,2.0,1.0,0.4,0.0,0.5,2.0,1.0,0.7142857142857143,0.5,0.8333333333333334,0.775,0.8539682539682539,0.575
